order_id,customer_id,pizza_id,exclusions,extras,order_date
2481,500,2,,,2025-02-21 16:06:46
1897,269,6,,,2025-08-12 08:27:50
1842,59,7,,,2024-12-23 20:50:23
1869,710,6,,,2025-01-31 09:16:49
2384,189,3,,,2024-11-30 17:35:37
2103,755,6,2,,2025-05-21 12:56:27
2362,527,1,,,2024-12-01 20:28:30
2183,218,7,,11,2025-06-04 09:29:39
2206,275,7,,,2025-04-28 18:04:25
1332,547,5,,,2025-06-01 20:03:44
1163,543,1,1,,2025-03-08 23:11:50
1429,44,6,,,2025-01-05 07:11:00
1235,457,3,,15,2025-07-23 03:59:34
1890,547,3,,,2025-04-19 17:57:29
1864,410,7,,,2025-05-04 10:03:59
1152,622,1,,,2025-01-24 21:04:37
2147,453,6,,13,2025-06-15 17:58:19
1847,191,3,,,2025-04-24 17:55:02
1558,673,4,,,2024-11-21 19:26:57
1790,559,3,2,,2025-08-07 15:30:57
1209,500,2,,,2024-11-24 03:17:23
1554,657,6,,9,2025-08-10 19:50:30
1758,116,2,,15,2025-04-05 19:25:56
1674,543,1,1,9,2025-01-23 05:38:54
1404,620,1,,,2025-02-28 16:05:05
1085,755,4,,,2025-05-30 20:00:58
2410,667,4,,11,2025-04-11 18:29:55
1610,555,3,,,2025-06-02 19:23:00
2358,730,3,,,2024-12-21 04:18:59
2444,2,1,1,,2025-06-15 12:46:53
1143,734,4,,,2024-12-10 20:07:47
2333,754,6,,,2025-04-13 18:03:40
1524,218,2,,,2025-07-11 22:06:41
1552,755,2,,12,2025-07-06 18:49:16
1242,17,3,2,,2025-03-14 18:03:53
1182,717,5,,,2025-04-23 02:23:32
2493,500,5,2,12,2025-04-11 19:48:50
1051,235,3,,,2025-06-20 20:17:58
2409,254,3,,10,2025-01-11 06:59:34
2104,730,4,,,2025-07-13 09:11:12
1024,196,1,,12,2025-01-14 17:53:37
1806,130,4,,,2025-06-15 16:38:22
1053,42,4,,,2025-05-08 13:44:05
1629,299,5,,,2025-03-07 17:09:54
1563,717,1,,,2025-07-19 01:01:41
1679,165,5,2,,2025-06-02 17:25:55
2308,667,2,,,2025-05-23 19:03:50
2179,203,3,,4,2025-08-02 19:30:09
1568,124,6,2,,2024-12-13 19:22:17
1178,607,3,,5,2025-03-23 09:21:17
1819,104,3,,,2025-08-02 12:29:46
1545,180,4,,,2025-02-27 04:39:21
1725,620,3,,,2024-11-09 13:33:16
2337,204,3,,5,2025-05-04 14:42:39
2324,180,4,,,2025-01-17 14:04:17
2260,643,6,,,2025-02-15 17:57:07
1162,46,2,,,2025-02-10 18:12:35
1960,757,2,"3,6",,2025-03-15 19:04:01
1200,730,2,,,2024-12-31 17:34:26
1398,5,4,1,,2025-07-16 19:56:44
1184,755,3,,3,2025-02-24 00:51:25
1709,500,6,,,2025-04-08 18:37:17
1435,620,2,,13,2025-02-21 17:39:04
1040,547,1,,,2025-01-10 22:39:53
2160,509,4,,,2025-03-10 06:13:10
1323,373,6,,,2025-03-13 11:05:41
1894,755,4,,11,2024-12-08 03:26:14
1783,547,4,,,2025-03-11 22:08:52
1905,500,5,,,2025-03-23 18:23:45
1090,523,2,1,,2024-12-28 21:28:10
1226,730,3,,,2025-06-29 16:49:13
2173,300,7,3,,2025-03-16 18:06:40
1490,45,4,10,,2025-01-07 18:04:54
2272,632,1,,15,2025-02-06 22:20:38
2066,698,6,,,2025-04-18 03:57:39
1643,771,2,,,2025-04-12 02:34:35
1584,657,6,,8,2025-05-05 20:55:01
1397,717,2,2,,2025-03-09 08:13:37
1995,342,2,,11,2025-07-12 18:28:48
2381,432,5,,5,2025-05-25 11:50:56
1226,730,6,,12,2025-06-29 16:49:13
1621,405,6,,5,2024-12-20 19:29:49
1282,747,5,"2,6",8,2025-05-16 20:33:59
1998,50,4,"2,10",,2025-03-30 20:47:44
2393,45,4,,,2025-05-27 10:48:05
1778,378,7,,,2025-01-12 11:58:39
1868,755,2,3,,2024-11-24 17:26:35
1359,105,3,,,2025-01-28 16:50:00
1412,400,6,,12,2025-02-28 17:53:53
1322,12,6,,,2025-01-10 19:50:49
1361,681,1,,13,2025-01-27 22:38:46
1747,595,6,,,2025-04-22 15:02:00
1494,537,2,,,2024-11-17 19:06:34
1564,503,6,7,,2025-08-08 19:56:41
2112,507,1,1,,2025-07-12 03:42:16
1096,168,5,,,2025-04-12 18:06:09
1407,252,2,3,,2025-07-12 19:28:39
2366,245,6,1,4,2024-11-02 14:36:42
2487,771,4,,,2025-07-13 18:54:14
1083,69,3,7,,2024-11-16 10:39:41
2408,297,2,,,2025-08-02 14:45:21
1220,133,3,7,13,2025-02-14 16:15:38
1939,447,6,,,2025-02-24 09:11:30
1880,547,2,,,2025-01-05 11:40:32
1995,342,5,,10,2025-07-12 18:28:48
1078,180,7,,,2025-08-08 13:58:17
2381,432,3,7,,2025-05-25 11:50:56
2116,223,1,,,2025-07-18 07:26:26
1713,128,3,,,2025-06-28 23:57:40
2339,547,4,,,2025-01-18 07:25:54
1431,400,2,,,2025-04-12 19:13:00
1641,96,5,2,"5,5",2024-11-15 13:13:30
1045,717,5,,,2025-08-05 17:29:39
1291,270,6,,,2025-03-21 01:31:09
1881,463,6,7,,2025-04-20 13:06:54
1982,440,6,,,2024-12-18 17:46:07
1271,455,2,,,2025-02-23 19:46:18
1162,46,6,,,2025-02-10 18:12:35
1787,717,7,,,2025-05-09 02:50:26
2207,620,3,,3,2025-06-13 15:49:52
1219,30,2,,,2025-08-02 17:02:08
1289,5,5,,,2025-05-10 03:33:57
1922,733,6,1,6,2024-11-25 06:29:54
1408,605,7,5,,2025-06-09 17:13:05
1239,547,1,14,,2025-07-11 20:41:28
2186,620,3,2,6,2025-02-07 20:38:29
1908,681,2,,,2025-02-14 05:14:52
2237,745,5,,14,2024-11-11 23:23:51
1728,730,1,,,2025-08-13 19:55:37
1776,228,6,,,2025-06-12 20:37:12
1327,623,5,2,,2025-05-01 01:09:55
1394,500,3,,,2025-03-07 19:27:23
1276,784,4,2,,2025-03-04 16:55:29
1759,667,3,2,"4,4",2025-07-14 02:32:09
1169,400,4,,,2025-04-11 17:58:37
1826,543,7,,,2025-01-11 18:48:18
1455,730,1,2,"10,13",2024-11-17 18:19:07
2294,650,3,7,10,2025-07-19 16:34:04
1052,710,3,,,2024-11-26 02:52:05
1416,182,7,6,,2025-02-14 02:09:23
2121,81,2,,,2025-01-16 16:50:21
2152,330,5,,3,2025-08-05 12:28:45
1192,14,3,,,2025-03-22 20:17:48
1990,1,6,,,2025-05-12 22:40:43
2497,375,3,,,2025-03-07 18:14:14
2209,158,7,,,2025-01-18 20:28:59
1711,17,2,,,2025-05-24 20:40:56
1948,500,1,,10,2025-03-02 10:59:41
1984,386,6,,,2025-06-28 15:00:53
1396,667,6,,,2025-08-11 08:35:23
1565,762,1,1,,2025-04-26 11:20:38
2097,383,6,2,,2025-03-08 21:57:28
1180,195,3,,4,2025-07-26 16:42:37
1866,698,2,,,2025-08-14 20:52:11
2378,536,1,14,,2024-11-14 20:00:36
1811,228,4,,,2025-06-14 08:21:39
2048,717,3,,12,2025-04-10 17:53:12
2148,779,1,2,5,2024-11-22 21:20:52
1952,45,6,,,2024-12-27 20:24:47
2038,170,4,2,,2025-08-02 18:12:12
1805,730,1,2,"9,13,13",2025-02-09 18:42:55
1749,147,3,,15,2025-06-12 20:09:55
2232,698,5,,"4,15",2024-11-26 20:09:31
1319,463,2,,"13,14",2025-05-03 06:58:53
1963,525,6,,3,2025-03-21 09:39:09
1094,180,3,,,2025-04-20 17:07:49
1479,186,4,,,2025-05-13 15:21:02
1715,625,2,,,2025-02-09 18:27:05
1799,133,2,,"9,11",2024-12-15 04:07:16
1439,493,3,,,2025-01-21 12:00:14
2037,662,2,,15,2025-03-07 18:13:20
1305,518,4,,,2025-02-16 18:19:20
1049,92,3,,14,2025-01-13 19:46:25
1443,717,6,,,2025-07-08 00:13:51
1229,219,6,,,2025-03-29 05:46:37
1539,478,5,,,2025-03-08 08:52:14
1329,175,4,,15,2025-01-05 17:05:11
2192,717,3,9,10,2025-03-23 20:41:26
2013,463,5,,,2025-07-10 19:21:33
1516,481,2,"1,3",,2025-04-18 18:47:46
2070,672,3,,10,2025-01-25 01:58:18
1392,458,2,3,,2025-05-19 13:04:57
1930,358,6,1,5,2025-06-15 19:36:56
1943,29,2,,,2025-03-15 18:47:40
1957,45,1,2,,2025-04-19 18:05:20
1356,501,6,,3,2025-01-20 03:31:33
1470,752,3,,,2025-01-18 18:29:33
1671,500,5,,,2025-08-08 17:11:29
1514,717,6,,14,2025-02-23 19:32:18
2379,17,5,11,,2025-06-07 19:41:34
1445,782,1,,,2025-01-07 17:09:43
2110,30,6,7,,2025-04-19 18:01:56
1633,56,7,6,,2025-06-07 09:10:47
1520,667,1,"1,14",,2024-12-13 19:39:18
2427,382,4,,,2025-01-13 03:38:46
1075,400,3,,,2025-04-21 16:03:58
1910,100,2,,11,2025-03-11 19:12:16
2128,342,3,,,2025-05-30 03:57:06
1921,328,4,,,2025-03-09 23:50:27
1146,30,4,,,2025-08-11 17:03:54
2073,543,4,,,2025-07-05 19:10:15
2050,122,3,9,,2025-01-28 17:34:46
2020,180,2,4,,2025-03-16 21:39:29
1658,408,1,,,2025-05-17 23:30:56
1339,755,4,,,2025-07-17 05:11:03
1923,159,5,,,2024-12-18 06:15:39
1652,652,2,,,2025-04-12 19:52:54
2035,698,2,,10,2025-04-13 18:26:18
2202,30,6,,,2024-11-05 18:20:28
2345,141,4,,,2025-02-15 18:35:29
2470,30,6,1,,2025-05-28 18:29:42
1746,770,1,14,,2025-02-14 19:22:39
1320,667,2,,,2025-02-14 22:04:19
2480,392,4,,"5,5",2024-12-02 17:11:58
1578,320,3,7,3,2025-05-04 13:56:35
1680,481,3,,"5,15",2025-07-05 04:57:44
1440,402,2,,,2024-12-27 09:58:00
1551,730,4,,,2025-06-03 07:28:01
1554,657,3,2,3,2025-08-10 19:50:30
1102,522,6,,,2024-12-19 17:18:10
2370,180,5,,,2025-04-23 18:23:24
1077,543,3,,,2025-01-26 17:39:58
1502,490,1,,,2025-02-15 16:09:35
1676,443,3,,,2025-07-06 19:44:44
1599,5,4,12,,2025-07-29 16:10:40
1533,463,6,,,2025-02-28 20:14:21
1377,414,6,,,2025-08-02 02:17:30
2405,154,3,,,2025-05-22 20:20:31
2394,32,5,,,2025-05-24 20:45:49
2388,618,6,,,2025-05-24 20:17:35
2244,251,6,,,2024-11-09 13:47:52
1986,338,1,,,2025-02-16 15:19:33
1190,477,6,,,2024-11-10 08:37:47
1012,500,3,,,2025-03-12 04:35:22
1577,657,7,,,2025-04-01 22:07:42
2384,189,6,1,,2024-11-30 17:35:37
2224,177,6,,,2024-12-07 18:46:51
1183,719,1,,,2025-07-10 20:28:49
2237,745,6,,,2024-11-11 23:23:51
1457,38,3,9,,2024-11-24 21:26:46
1419,672,5,,,2025-05-12 07:08:56
2348,256,3,2,,2024-11-11 20:26:06
1306,754,2,1,,2025-02-24 21:08:40
1457,38,4,2,,2024-11-24 21:26:46
1756,598,4,"1,12",,2025-02-08 22:17:54
1803,162,7,5,9,2024-11-08 12:16:45
1706,41,7,,,2024-12-17 21:46:43
1971,667,7,,,2025-06-27 20:55:01
2295,657,2,,15,2024-11-11 20:33:30
2231,500,4,,15,2025-04-27 18:03:13
2432,253,5,,5,2025-07-02 17:33:37
1816,698,6,,,2025-02-26 18:23:21
1195,667,1,,,2025-02-01 18:27:10
1985,103,2,,10,2025-07-30 05:38:26
2186,620,1,1,,2025-02-07 20:38:29
1213,620,2,,,2025-01-22 16:47:40
1933,543,7,4,,2025-05-01 23:16:19
1961,384,3,,,2024-11-22 00:38:21
1879,45,1,,8,2024-11-10 17:11:09
1667,616,7,,,2025-05-31 12:14:57
1958,774,5,,14,2025-01-02 21:21:55
1804,5,7,,,2024-12-11 18:20:15
2357,657,3,2,,2025-07-12 19:46:59
1687,657,6,,"8,8",2025-06-27 20:56:43
1752,566,3,,14,2025-03-02 17:41:35
1091,141,5,,8,2025-01-20 07:13:46
1904,620,6,,4,2025-01-31 16:29:02
1367,242,4,,,2024-12-23 19:17:22
1225,296,6,2,,2025-08-09 18:17:37
1716,39,3,,6,2025-04-10 14:26:17
1991,543,1,,,2025-02-02 19:30:46
1491,484,2,,,2024-11-13 07:27:44
1087,663,2,,,2025-02-04 15:52:19
1325,208,6,,,2025-04-26 18:57:21
1678,434,3,,"14,14",2025-06-26 21:53:12
1786,400,2,,,2025-05-10 06:03:27
2289,672,6,,,2025-01-05 03:13:40
1548,349,2,,"7,7",2025-02-02 16:07:35
2389,746,6,,,2025-07-17 03:23:50
1872,620,2,2,,2025-05-17 17:07:48
1498,175,3,,14,2024-12-27 06:19:49
1263,13,6,,,2025-02-19 16:01:27
1712,730,7,5,,2025-06-13 15:42:37
1972,390,2,4,,2025-02-01 17:56:24
1993,229,3,,,2024-12-20 05:25:17
1357,750,4,,,2024-11-15 02:21:25
2039,620,6,,11,2025-03-21 21:06:36
2395,667,2,,,2024-11-17 02:10:55
1689,704,7,,,2025-01-04 19:19:24
2128,342,3,,14,2025-05-30 03:57:06
1230,18,2,,10,2025-06-10 20:34:54
1814,620,3,,6,2025-02-21 18:21:06
1479,186,3,9,,2025-05-13 15:21:02
1799,133,5,,,2024-12-15 04:07:16
2404,5,3,9,,2025-07-14 07:53:45
2352,151,2,,14,2025-08-02 18:22:36
1891,609,3,,,2025-06-01 15:08:18
2430,281,2,,,2025-01-15 10:19:55
2373,289,2,,,2025-02-18 19:47:23
2313,657,4,,,2025-07-24 06:14:02
1809,319,3,,,2024-11-01 16:21:41
2123,195,4,10,9,2025-06-14 22:29:45
2441,448,3,"1,8",5,2024-11-24 18:36:05
1877,785,3,1,"4,14",2025-03-13 00:55:17
1048,701,3,,15,2025-06-22 06:05:00
2218,657,3,,10,2025-05-01 20:14:37
1663,332,3,,14,2025-02-03 06:18:57
1852,460,5,,15,2025-01-09 19:22:15
1888,303,3,,"3,3",2024-11-10 19:54:02
2437,681,6,,,2025-01-15 06:51:52
1725,620,5,2,,2024-11-09 13:33:16
2022,463,6,,,2025-03-25 20:30:57
1446,657,6,,"12,12",2025-06-28 15:19:05
1318,281,1,,,2025-02-27 20:27:26
1948,500,3,,15,2025-03-02 10:59:41
1401,228,5,,5,2025-04-10 16:34:09
1256,698,6,,,2024-11-29 09:31:00
1313,566,5,,,2025-01-04 18:27:05
1625,360,5,,,2024-11-07 19:21:39
1019,180,6,,,2025-08-05 18:26:48
2248,27,3,,"4,5",2025-03-25 02:20:35
1153,143,3,,,2025-04-20 16:51:17
1038,28,7,,,2025-02-08 18:45:09
1135,400,6,,,2025-07-19 19:17:08
1248,463,7,5,11,2025-06-21 19:30:48
1450,463,3,9,,2025-02-24 17:08:23
2313,657,1,,,2025-07-24 06:14:02
2426,698,2,2,13,2025-05-06 01:33:43
2096,180,3,,,2025-06-26 21:42:40
1478,228,2,,14,2025-06-05 14:04:38
2275,237,4,,6,2024-11-13 21:14:21
1053,42,3,,,2025-05-08 13:44:05
1266,101,2,,9,2025-04-12 18:10:27
2276,609,5,,,2025-01-12 19:06:50
2456,240,5,,,2025-03-01 17:26:59
1426,540,5,,,2025-07-29 09:40:20
2435,459,5,,,2025-05-10 02:47:45
2150,737,2,"1,6",,2024-12-08 00:23:11
1537,714,6,,,2025-07-13 22:10:17
1991,543,3,,,2025-02-02 19:30:46
1305,518,3,,,2025-02-16 18:19:20
1592,380,2,,14,2024-12-15 18:37:18
1722,228,7,,,2025-05-03 01:39:41
1833,500,6,,,2024-11-23 14:39:57
1197,3,3,,,2024-12-21 17:48:52
1345,730,3,,3,2025-07-18 00:40:57
1601,83,3,,,2025-02-14 05:58:14
1395,667,5,11,,2025-05-22 17:55:16
1914,396,6,,8,2025-06-04 13:20:01
1017,45,4,,7,2025-05-12 11:15:31
1681,382,6,,,2025-04-07 14:39:55
2447,275,5,2,,2025-05-22 18:32:42
2027,96,6,1,,2025-01-18 15:53:31
1679,165,1,,,2025-06-02 17:25:55
1910,100,6,1,"10,12",2025-03-11 19:12:16
2125,393,3,,,2024-12-22 19:19:42
2261,377,7,,,2025-05-30 18:30:42
1288,463,5,,8,2025-05-23 02:04:37
2466,500,5,,,2024-12-02 21:21:58
1843,231,6,"1,7",,2025-03-03 17:36:36
1999,657,3,,,2025-01-09 17:32:36
1738,428,7,,,2025-02-22 04:27:43
1276,784,5,,,2025-03-04 16:55:29
1205,730,2,,9,2025-01-31 08:30:03
1514,717,3,1,,2025-02-23 19:32:18
1649,730,6,7,,2025-03-25 18:30:43
1994,605,4,,,2025-05-04 15:21:50
1288,463,6,"2,7",6,2025-05-23 02:04:37
1794,730,1,,,2025-04-24 13:14:56
1021,645,3,,3,2025-05-14 16:06:33
1977,477,3,,,2025-06-22 20:59:58
1060,355,4,12,7,2025-06-14 06:57:00
1275,310,7,15,"11,11",2025-05-23 19:23:21
1704,717,3,,,2024-11-02 18:22:21
1027,240,4,,11,2025-02-16 18:36:47
1423,30,6,7,,2025-04-12 19:45:42
2243,227,2,,,2025-03-20 14:41:45
2158,45,1,,,2025-03-28 18:26:37
2032,338,4,,,2025-03-09 19:03:31
1126,576,2,,,2025-02-22 19:33:01
1157,188,6,1,,2025-05-24 19:26:59
1559,579,4,,,2025-07-26 13:20:31
1850,589,7,,2,2025-06-28 18:25:38
2391,32,5,,15,2025-02-13 21:57:16
1762,356,2,,14,2024-11-15 18:04:42
1229,219,6,,,2025-03-29 05:46:37
2251,392,7,,7,2025-06-07 19:19:58
1387,664,2,"4,6",,2024-11-27 20:34:22
2489,30,2,,,2025-03-17 19:34:45
1149,45,6,,,2025-05-15 21:11:29
1730,43,7,,,2025-04-05 16:01:23
2194,273,1,,,2025-06-14 15:16:15
1310,227,5,,,2025-01-24 19:21:25
2058,543,6,,3,2025-01-18 07:04:40
1168,240,6,1,,2025-01-26 17:13:36
1624,65,3,,,2025-01-17 18:25:06
2476,400,6,,13,2025-06-22 15:10:45
1264,254,6,,3,2025-08-02 15:59:24
1733,30,7,4,,2024-11-24 17:13:10
1535,15,6,,,2024-11-10 01:54:46
2012,651,7,,"8,13",2025-05-04 18:50:28
2343,160,4,,3,2025-04-21 18:01:49
1456,762,7,,,2025-02-21 21:01:13
1046,784,2,,,2025-05-05 08:48:10
2486,463,2,,15,2025-03-02 06:09:34
1315,710,2,,10,2025-06-28 22:55:38
1656,198,3,,,2025-07-11 20:58:41
1055,129,3,1,,2024-11-25 21:10:23
2082,30,7,,,2025-08-05 17:44:45
1125,767,1,,,2025-07-20 15:46:35
1927,543,1,2,,2024-12-06 22:04:33
1498,175,6,2,,2024-12-27 06:19:49
1331,657,3,,,2025-07-13 16:19:20
2299,400,6,,,2025-02-04 09:55:24
1720,206,3,,,2025-07-14 21:24:00
1950,500,6,,10,2025-06-27 17:33:52
2200,264,6,,,2025-02-07 20:16:49
2345,141,3,,13,2025-02-15 18:35:29
1812,322,4,10,,2025-02-10 19:26:22
1331,657,3,,,2025-07-13 16:19:20
1036,45,6,,,2025-07-18 04:42:05
2423,178,3,7,15,2024-11-16 08:15:07
1357,750,3,,14,2024-11-15 02:21:25
1222,159,1,,11,2025-03-03 07:54:58
2340,478,6,,,2025-01-04 01:52:35
1058,314,5,2,,2025-04-06 19:14:56
1159,414,2,4,,2025-08-07 00:05:41
2347,724,4,,"4,7",2025-06-14 19:33:56
2271,146,1,,6,2025-04-09 16:25:30
2425,500,5,,,2025-01-11 19:14:19
1308,766,5,,9,2025-06-07 20:22:11
2021,425,1,,,2024-12-06 21:05:30
1546,500,3,,,2025-03-15 18:19:51
1519,130,5,,,2024-11-24 22:14:48
1393,41,6,7,,2025-04-01 20:44:54
1296,228,5,,,2024-11-11 15:21:09
1434,730,3,8,15,2025-05-09 18:11:47
2367,681,2,,,2025-02-06 10:33:03
1025,44,3,,,2025-02-07 11:54:26
2206,275,4,,,2025-04-28 18:04:25
2165,729,1,1,,2025-08-09 12:00:28
2450,525,7,15,,2025-05-11 08:40:06
2401,553,6,,4,2025-01-04 02:37:13
2245,542,3,7,,2024-11-22 23:23:11
2226,94,1,14,,2025-04-12 11:46:39
1578,320,4,1,,2025-05-04 13:56:35
1752,566,1,,,2025-03-02 17:41:35
2197,177,6,7,,2024-11-08 19:09:54
2210,755,5,,,2025-01-27 17:23:01
1527,207,6,,9,2025-08-08 03:04:15
1507,124,4,,11,2025-02-08 06:09:04
2215,232,3,,,2025-06-20 08:57:35
1258,558,3,,,2024-12-11 19:43:17
1035,400,2,,,2024-11-10 14:48:45
2154,318,3,,,2025-02-05 04:23:49
2148,779,4,,,2024-11-22 21:20:52
1131,5,2,,,2025-04-20 21:35:19
1228,578,5,,,2025-01-05 17:38:18
1696,29,2,,8,2025-01-31 16:43:21
1545,180,3,8,,2025-02-27 04:39:21
1265,544,2,5,11,2025-06-27 17:17:26
1070,717,7,,,2025-06-05 23:04:40
1583,234,3,,5,2025-04-01 12:44:33
2307,5,3,,,2025-02-14 12:07:31
1563,717,3,,"13,15",2025-07-19 01:01:41
1770,550,6,,5,2025-01-28 20:59:27
1200,730,6,,,2024-12-31 17:34:26
1499,98,3,,,2025-07-27 16:21:53
2070,672,2,,,2025-01-25 01:58:18
1360,5,3,8,,2024-11-10 14:38:23
2482,204,6,,,2025-06-01 21:17:45
1837,796,6,,11,2024-11-27 16:23:45
1266,101,4,,4,2025-04-12 18:10:27
1359,105,1,2,,2025-01-28 16:50:00
2377,677,5,6,,2025-06-21 08:49:49
1384,500,7,,,2025-04-12 05:48:57
1144,781,3,,,2025-02-08 10:43:54
2016,547,6,,,2025-06-14 17:49:23
1452,228,7,1,,2025-02-13 17:51:54
2012,651,3,,13,2025-05-04 18:50:28
1928,340,6,,,2024-12-20 04:16:55
1226,730,5,,,2025-06-29 16:49:13
1378,204,7,1,10,2024-11-16 09:35:37
1603,146,4,10,7,2024-11-16 15:23:14
1469,731,3,,5,2025-05-15 21:03:05
2271,146,3,,10,2025-04-09 16:25:30
2108,645,6,,"11,11",2025-04-12 16:29:58
2232,698,2,2,,2024-11-26 20:09:31
2492,95,5,,,2025-05-30 17:51:19
1368,518,6,,6,2025-08-09 16:20:23
1235,457,6,,13,2025-07-23 03:59:34
2472,180,2,4,,2025-07-15 15:26:04
1335,459,6,,,2024-11-03 18:10:04
1449,90,1,,4,2025-05-30 07:26:32
1781,45,6,,,2025-02-27 17:00:44
1137,620,2,4,,2025-02-12 10:21:03
2485,169,3,,,2025-08-08 17:56:28
1428,400,3,"1,9",,2024-11-21 01:15:35
2230,207,3,,,2025-01-22 00:23:08
2240,265,3,,5,2025-08-03 21:56:38
2266,463,6,7,,2025-05-12 00:00:04
1093,30,4,,,2025-07-18 21:29:27
1349,657,3,,,2025-03-08 05:59:13
2368,429,3,9,15,2025-02-23 17:26:13
1519,130,4,,,2024-11-24 22:14:48
1297,611,1,,,2025-07-06 00:51:54
1871,45,3,9,,2025-03-30 16:58:23
2208,500,2,,,2025-02-20 22:17:47
1032,466,6,,,2024-12-23 18:09:52
1343,240,2,,,2025-08-08 19:44:53
2280,730,3,,10,2025-06-06 20:26:58
1430,174,3,1,14,2025-07-26 15:31:29
1248,463,1,,,2025-06-21 19:30:48
1150,399,1,2,"4,4",2025-01-17 10:41:13
1240,620,7,3,14,2025-04-25 01:50:31
1204,667,4,,,2025-06-01 17:46:39
2100,670,3,,,2025-06-12 19:37:25
1859,97,2,,7,2025-05-31 17:04:51
1466,30,3,2,15,2025-05-01 18:02:31
1946,717,6,,15,2025-07-17 15:24:45
2086,71,2,,,2025-04-26 19:00:29
1414,722,1,,,2025-04-25 20:04:21
2354,597,3,,13,2024-11-12 18:47:03
2167,564,3,,6,2025-02-24 17:21:24
1429,44,5,,,2025-01-05 07:11:00
2434,475,7,,,2025-01-10 14:28:40
1578,320,6,,"3,13",2025-05-04 13:56:35
2182,783,5,,4,2024-12-29 21:25:56
2219,240,5,,8,2025-07-02 21:13:03
1884,240,4,,,2025-05-03 05:41:23
2393,45,4,,,2025-05-27 10:48:05
1959,758,1,14,,2025-07-07 00:11:54
2281,488,7,,,2025-04-03 04:29:09
1778,378,4,,,2025-01-12 11:58:39
2226,94,1,,13,2025-04-12 11:46:39
1698,400,3,,13,2025-06-18 21:36:20
1401,228,3,9,6,2025-04-10 16:34:09
1849,130,4,,,2025-02-02 19:55:17
1861,241,4,,,2025-07-16 05:19:58
1274,428,4,,7,2025-06-08 19:56:32
2020,180,4,,,2025-03-16 21:39:29
1804,5,3,,,2024-12-11 18:20:15
1805,730,2,,,2025-02-09 18:42:55
2122,60,4,,,2024-12-07 16:33:54
1552,755,6,2,,2025-07-06 18:49:16
2046,480,7,1,7,2025-02-16 18:56:02
1508,620,6,,,2025-03-07 20:03:30
1409,744,6,,,2025-02-20 07:55:34
2069,698,3,1,,2025-08-07 04:50:40
1237,717,2,,,2025-05-07 13:56:59
1418,455,6,,,2024-11-09 22:44:52
1989,3,6,2,"6,6",2025-06-22 19:40:16
2052,335,3,,,2025-03-10 22:04:26
2083,755,1,1,,2025-06-11 20:23:57
2439,717,3,,,2025-06-13 18:07:21
1257,491,7,5,,2025-06-19 12:30:17
1299,444,3,,12,2025-02-16 20:04:59
2105,755,3,,3,2025-06-25 19:17:00
1221,171,1,,,2025-05-31 15:15:18
1528,730,3,,12,2025-07-17 19:13:44
2491,796,2,1,12,2025-01-07 09:43:20
1853,550,4,,,2025-01-10 06:50:54
1106,657,4,,,2024-12-13 16:51:58
2338,279,4,1,,2025-02-19 09:40:41
1003,677,3,,,2025-04-05 20:41:21
1901,620,4,,5,2025-04-09 20:18:53
1253,691,5,,,2025-01-26 19:23:37
1537,714,4,"1,10",,2025-07-13 22:10:17
1204,667,3,1,,2025-06-01 17:46:39
1283,575,2,,,2025-01-19 10:39:40
1580,89,6,,,2025-05-24 18:22:11
1328,523,7,1,,2025-02-24 14:31:51
1206,659,6,,,2024-11-05 12:17:26
1188,188,5,,15,2024-12-25 14:35:08
2091,5,6,,,2025-07-30 17:46:02
1452,228,5,,,2025-02-13 17:51:54
1953,30,4,,,2025-02-05 09:08:05
2429,500,3,,,2025-02-10 02:12:37
1309,153,7,,11,2025-03-21 16:57:01
1208,416,2,,,2025-01-08 15:27:01
2306,665,1,,,2025-05-02 16:55:35
1191,543,2,,,2025-04-06 20:01:56
1307,707,6,2,,2025-04-05 22:18:38
2443,695,3,,,2024-12-08 22:52:13
2136,698,4,10,9,2025-03-27 20:26:57
1232,755,6,,,2025-02-23 18:21:13
1618,592,5,,8,2024-12-04 17:42:37
1482,419,7,,"12,14",2025-06-20 17:18:23
1318,281,5,11,5,2025-02-27 20:27:26
2448,107,3,9,15,2024-11-02 17:04:10
1770,550,6,7,,2025-01-28 20:59:27
1640,384,3,,,2024-11-17 09:01:58
2043,667,7,,,2025-05-02 19:57:11
2258,498,3,,,2025-03-27 19:50:06
2132,5,6,1,,2025-04-21 19:18:13
2300,228,3,,,2025-02-12 13:24:06
1391,500,3,1,10,2024-11-18 16:01:15
2229,144,3,,,2025-04-17 20:57:11
2095,540,6,,,2025-08-10 19:27:10
1142,730,5,11,"10,10",2025-06-28 19:50:02
1133,353,7,1,10,2025-04-11 18:32:40
2017,476,3,,,2025-07-29 17:59:57
2337,204,7,1,,2025-05-04 14:42:39
2449,180,3,,,2025-05-08 01:28:44
2274,662,4,,,2024-11-29 01:24:57
1726,584,3,2,,2025-03-16 19:26:26
2394,32,6,,,2025-05-24 20:45:49
1207,647,3,,,2025-01-16 17:33:00
2197,177,3,,,2024-11-08 19:09:54
1582,635,3,,,2025-07-02 12:26:49
1754,547,5,,5,2025-07-09 18:40:46
1279,520,5,1,,2025-02-10 19:51:10
1170,509,2,,,2024-11-30 16:18:44
1436,308,4,,7,2025-02-14 02:03:31
2170,492,4,,,2025-06-07 19:46:53
2255,274,5,,,2025-04-13 06:36:08
2101,45,3,,,2024-11-27 19:11:45
1386,228,2,4,,2025-05-11 19:23:00
1250,56,6,,,2025-05-22 06:58:24
1805,730,4,,,2025-02-09 18:42:55
1905,500,4,"10,12",13,2025-03-23 18:23:45
2273,35,2,,,2025-02-09 18:40:42
1594,509,7,,,2025-07-03 07:20:07
1013,62,3,2,,2025-07-18 05:07:50
2254,737,5,,,2025-05-29 20:31:27
2461,755,3,1,,2024-11-03 19:40:09
2198,235,3,,,2025-03-26 00:06:41
2304,717,4,,,2025-05-22 13:46:19
1417,240,7,,2,2025-05-29 19:53:47
1703,203,3,,14,2025-06-27 13:34:16
2029,250,2,,,2025-01-04 19:58:03
1346,304,6,,,2025-04-30 19:47:22
1669,5,3,,,2025-05-25 11:49:17
1154,159,4,,,2025-01-17 19:17:43
1929,119,4,"1,12",,2025-07-02 19:36:17
2444,2,3,9,14,2025-06-15 12:46:53
2107,463,4,2,,2025-08-11 21:36:52
2196,268,3,,,2025-06-23 20:57:16
2156,698,3,,,2025-08-02 15:19:54
1436,308,4,,,2025-02-14 02:03:31
1619,5,3,"2,7",6,2025-02-10 20:59:13
2076,5,6,,,2025-06-21 16:20:27
2088,235,6,,10,2025-08-06 16:43:07
2026,400,3,,,2024-12-08 01:24:53
2157,78,7,,"2,12",2025-02-07 17:58:53
2412,486,2,,,2025-03-28 20:57:39
1035,400,6,1,,2024-11-10 14:48:45
2022,463,2,,,2025-03-25 20:30:57
1209,500,3,8,,2024-11-24 03:17:23
2060,30,3,,,2025-07-19 06:30:00
1079,30,2,,11,2025-03-28 19:18:23
1743,463,4,1,,2024-11-19 20:51:53
1620,645,1,,5,2025-06-11 01:32:18
1775,324,5,,,2025-05-22 17:37:58
1082,698,1,1,7,2024-11-19 00:15:19
2132,5,5,,,2025-04-21 19:18:13
1370,111,3,,,2025-03-11 14:38:59
2495,617,3,9,,2025-08-05 19:23:25
2050,122,1,2,,2025-01-28 17:34:46
1644,583,6,7,"4,14",2025-06-17 21:47:22
2045,557,6,,,2025-05-30 19:04:54
2416,680,6,"1,2",,2025-06-27 17:34:16
1952,45,6,7,,2024-12-27 20:24:47
1999,657,2,,,2025-01-09 17:32:36
2300,228,2,,,2025-02-12 13:24:06
1760,688,2,1,,2025-02-28 21:13:58
1723,776,1,,,2024-12-17 16:50:02
1054,651,1,2,15,2024-12-07 13:20:50
2269,406,6,,12,2025-02-08 21:15:25
1935,620,3,,,2025-05-16 21:23:34
2399,463,2,5,,2024-11-30 15:42:39
2400,436,3,8,,2025-01-04 11:11:21
1358,654,6,1,6,2025-02-01 15:47:24
1835,54,6,2,8,2025-07-14 15:57:40
1377,414,1,14,,2025-08-02 02:17:30
2161,255,4,2,6,2025-02-13 16:02:43
2107,463,6,1,,2025-08-11 21:36:52
2498,657,3,8,,2025-07-26 06:41:48
1629,299,4,10,,2025-03-07 17:09:54
1560,234,2,,7,2025-07-29 05:59:29
1987,84,6,,,2025-04-05 03:55:47
1232,755,1,,,2025-02-23 18:21:13
2360,107,2,,"10,10",2025-03-02 16:08:59
1304,547,3,,,2025-07-20 00:09:58
2364,768,4,,,2025-08-09 01:57:46
2285,400,5,1,,2025-05-02 18:51:31
2046,480,3,7,,2025-02-16 18:56:02
1892,313,6,,,2025-02-03 19:15:31
1231,717,6,,,2025-03-01 02:14:00
1174,269,1,,15,2025-05-11 01:40:32
2314,188,3,,,2024-11-02 04:57:16
2055,482,3,,,2025-01-31 17:32:22
1955,380,2,,,2024-11-22 07:52:35
2180,200,1,,"9,10",2024-12-27 13:28:55
1707,64,2,,,2025-03-15 20:23:47
1681,382,3,1,14,2025-04-07 14:39:55
1111,766,2,"3,6",,2025-01-15 19:14:51
1542,463,7,1,11,2025-05-25 14:31:09
1607,383,5,,8,2025-05-24 21:36:26
1711,17,4,10,,2025-05-24 20:40:56
1506,685,3,,,2025-07-12 20:55:40
1699,240,6,,13,2025-07-29 20:55:25
2153,712,5,,,2025-01-12 21:03:34
1422,463,2,,,2025-07-10 20:55:38
1410,240,6,,3,2024-12-19 01:26:30
1867,698,5,,13,2025-04-12 19:18:27
1512,228,3,2,15,2024-11-07 06:13:42
2065,400,5,,,2025-07-29 10:14:09
1969,30,6,,,2025-07-31 00:05:01
1752,566,4,,,2025-03-02 17:41:35
2119,240,3,1,4,2025-06-22 04:53:13
1903,39,4,,,2025-01-11 16:35:16
1582,635,1,1,,2025-07-02 12:26:49
1130,547,6,,,2025-01-23 17:52:03
1797,463,7,,7,2025-07-31 01:26:03
1216,619,4,10,7,2025-05-16 15:23:50
2462,611,2,,,2025-05-27 18:00:03
1762,356,3,2,13,2024-11-15 18:04:42
1464,422,5,,,2024-11-07 16:28:25
1440,402,1,,,2024-12-27 09:58:00
1765,698,4,,,2025-06-14 19:57:00
2120,725,4,,4,2024-11-03 20:55:50
2263,261,5,,"10,12",2025-08-03 17:03:31
1917,245,6,,,2025-05-06 10:28:28
2225,118,3,7,,2025-06-01 06:24:28
1815,30,6,7,,2025-01-28 20:32:47
1949,366,6,7,,2025-06-29 17:34:13
2083,755,2,,15,2025-06-11 20:23:57
1034,463,3,,,2025-06-20 13:52:46
2370,180,3,,,2025-04-23 18:23:24
1928,340,2,,,2024-12-20 04:16:55
2496,397,5,,,2025-03-21 19:20:32
1712,730,1,14,,2025-06-13 15:42:37
1448,238,5,,,2024-12-25 15:24:44
2266,463,1,2,,2025-05-12 00:00:04
1682,438,6,"1,7",9,2024-11-01 19:02:29
2094,416,2,,,2025-02-16 20:07:10
2153,712,5,,10,2025-01-12 21:03:34
2342,667,6,,,2025-05-31 02:34:02
1366,536,1,,,2024-12-22 19:49:31
2018,463,7,,13,2024-12-06 17:24:11
1210,240,7,,,2025-03-02 13:15:14
2426,698,6,,,2025-05-06 01:33:43
1270,30,2,2,,2025-02-07 00:21:26
2221,228,3,,,2025-01-06 18:32:57
1182,717,2,,,2025-04-23 02:23:32
1406,698,3,,,2025-07-05 18:22:40
2441,448,1,14,,2024-11-24 18:36:05
2456,240,3,,,2025-03-01 17:26:59
1160,45,5,,,2025-04-12 21:00:29
2067,30,6,7,,2025-01-25 20:11:41
1523,57,3,,,2025-07-11 06:59:13
2109,240,5,,,2025-02-24 02:06:13
2205,274,7,1,,2025-07-22 19:44:49
2072,729,7,6,,2025-08-01 15:03:15
1046,784,6,,,2025-05-05 08:48:10
1466,30,5,1,4,2025-05-01 18:02:31
2224,177,6,,,2024-12-07 18:46:51
1955,380,1,1,,2024-11-22 07:52:35
2436,22,6,2,3,2025-01-10 19:35:08
2217,500,3,8,,2024-12-14 18:15:43
1272,30,2,,,2025-06-06 18:45:41
1376,776,1,,,2025-02-04 13:44:11
1882,172,6,,8,2025-08-04 10:18:22
2004,177,5,,,2025-01-03 20:23:58
2235,400,3,,,2025-05-16 19:03:00
1531,433,6,2,,2025-04-25 18:26:25
1937,518,2,,,2024-11-14 14:27:15
1719,404,5,,5,2025-03-29 17:42:48
1929,119,3,,13,2025-07-02 19:36:17
2202,30,4,,"8,13",2024-11-05 18:20:28
1089,724,6,,,2024-11-19 17:28:45
1963,525,5,1,,2025-03-21 09:39:09
1515,547,4,12,,2025-04-08 12:16:28
1655,778,3,,,2024-12-04 09:49:53
1538,547,7,,7,2025-02-27 11:53:52
1388,45,2,,,2024-11-08 17:46:52
1920,475,4,12,14,2024-12-06 19:20:34
1383,505,6,,,2025-03-06 18:03:40
1062,265,3,,,2025-02-08 18:01:27
2213,45,4,12,,2025-02-28 18:47:06
1617,180,3,,,2025-06-16 13:48:09
2117,137,1,,6,2024-11-16 17:14:33
1287,240,4,,,2025-03-27 02:16:45
1808,5,4,10,"9,14",2025-01-22 13:26:06
2307,5,3,,"12,12",2025-02-14 12:07:31
1065,180,3,,3,2025-03-14 08:12:24
2298,291,3,,,2025-06-08 17:44:52
1493,180,4,,,2024-12-28 19:18:53
1556,240,6,,"3,10",2025-04-12 18:12:50
1246,400,6,,,2025-01-26 15:35:19
1006,612,1,,4,2024-11-02 19:38:08
2036,400,6,,,2025-04-05 11:29:55
1858,620,1,,12,2025-05-04 03:50:54
2087,790,2,,,2025-02-03 02:51:00
1127,134,6,"2,7",9,2025-05-23 04:45:28
2001,180,3,,,2025-01-11 15:25:10
1333,228,5,,,2025-01-10 03:52:50
1364,180,1,,,2025-05-15 06:50:51
2145,547,2,6,,2025-02-08 04:47:52
1217,670,4,,14,2024-11-30 19:50:17
1758,116,2,,9,2025-04-05 19:25:56
1067,240,1,,,2025-02-21 22:08:49
2053,303,3,,,2024-11-16 14:44:51
2262,45,6,,,2025-07-07 14:32:29
1654,500,3,,,2024-12-07 18:33:33
1788,299,5,,7,2025-06-27 17:09:33
1687,657,3,,,2025-06-27 20:56:43
2316,228,4,,"6,6",2025-06-07 18:17:30
1683,369,3,,,2025-07-22 19:04:03
2015,698,2,,,2025-07-26 18:52:21
1802,781,5,2,13,2025-04-18 07:06:59
2446,400,2,2,,2025-01-17 20:06:29
2127,373,2,,10,2025-08-10 18:36:35
2273,35,2,,,2025-02-09 18:40:42
1245,667,5,,,2025-01-20 03:45:52
1968,743,6,,,2025-04-24 09:25:36
1329,175,1,,,2025-01-05 17:05:11
2174,362,2,,,2024-11-28 20:47:24
1664,264,4,,,2025-07-05 08:45:49
2306,665,1,,,2025-05-02 16:55:35
1262,5,6,,,2025-05-31 05:08:51
1956,240,1,1,5,2025-08-12 18:48:03
1138,80,3,,15,2025-05-31 05:06:59
1595,717,6,1,"6,6",2025-04-12 18:46:21
1705,412,4,12,6,2025-05-30 20:31:10
1597,770,2,3,10,2024-11-16 13:44:55
1066,125,1,,12,2025-07-03 18:35:59
2084,438,6,,5,2024-12-08 06:42:15
2464,355,2,,,2025-05-04 19:40:24
1338,738,1,14,,2025-02-12 20:19:19
1557,317,4,10,13,2024-11-13 06:28:12
1753,762,5,,4,2025-06-27 02:08:06
2414,55,1,,,2025-05-23 08:05:52
1043,730,4,,,2025-06-17 21:16:26
2159,240,5,,,2025-04-27 20:31:06
1474,297,6,7,,2025-06-06 21:04:10
1671,500,6,2,11,2025-08-08 17:11:29
1497,783,7,15,10,2025-03-19 04:54:59
1169,400,7,,8,2025-04-11 17:58:37
1085,755,6,7,,2025-05-30 20:00:58
1785,718,3,,,2025-02-15 18:56:22
1948,500,1,1,12,2025-03-02 10:59:41
2014,10,3,,15,2025-01-09 17:34:44
1136,45,6,,,2025-04-11 06:23:38
1942,475,5,,14,2025-02-27 12:02:47
1434,730,2,,8,2025-05-09 18:11:47
1623,45,1,,,2025-06-02 23:11:47
2204,620,2,,,2025-05-10 19:53:56
1016,667,3,,13,2025-03-11 09:54:50
1316,302,5,,5,2025-04-08 18:54:44
2032,338,6,,9,2025-03-09 19:03:31
1216,619,1,"1,14",,2025-05-16 15:23:50
2334,730,3,9,,2025-06-07 04:18:08
1319,463,4,,,2025-05-03 06:58:53
2475,263,4,,"4,15",2025-03-20 15:37:46
1640,384,2,6,,2024-11-17 09:01:58
1491,484,3,2,,2024-11-13 07:27:44
1026,500,2,4,,2025-01-17 08:26:37
2331,475,5,,5,2025-01-23 00:17:03
1524,218,7,,,2025-07-11 22:06:41
1972,390,6,,,2025-02-01 17:56:24
1164,755,7,,7,2025-01-26 10:39:29
1697,291,6,,5,2025-04-25 20:33:23
2092,180,5,,,2024-12-20 00:02:55
1678,434,6,2,,2025-06-26 21:53:12
1244,547,7,5,,2025-08-01 19:41:43
1412,400,1,,,2025-02-28 17:53:53
2327,667,7,,,2025-06-08 17:57:46
1511,730,6,,,2025-01-13 19:43:07
2378,536,3,,,2024-11-14 20:00:36
1920,475,7,,,2024-12-06 19:20:34
1255,551,1,1,,2025-07-10 20:31:42
1465,657,5,1,5,2025-06-25 18:14:57
1110,656,2,,12,2024-12-15 13:59:57
2487,771,6,,,2025-07-13 18:54:14
1271,455,4,,"4,8",2025-02-23 19:46:18
1064,793,3,,13,2025-01-11 23:52:47
2071,400,1,,,2025-06-15 18:04:31
1037,320,2,,14,2024-11-13 18:33:22
1347,720,7,,"8,12",2025-02-20 15:23:15
1635,730,5,,,2025-04-29 17:41:30
1118,724,2,6,,2025-02-01 06:27:03
1662,274,2,,12,2025-05-31 13:11:49
1923,159,3,,,2024-12-18 06:15:39
1925,616,4,,,2025-05-23 14:01:23
2078,779,7,3,,2025-02-21 16:29:32
2062,45,1,1,,2025-06-01 11:52:47
2255,274,6,,,2025-04-13 06:36:08
1616,747,6,2,,2025-08-08 10:54:04
1373,5,4,,,2025-04-19 20:29:01
2363,79,3,,6,2024-12-29 17:12:07
1140,180,5,"1,6",,2024-11-03 17:07:37
1820,547,1,14,,2025-05-18 18:10:11
2358,730,4,,,2024-12-21 04:18:59
2425,500,5,2,,2025-01-11 19:14:19
1139,30,3,,4,2025-04-01 04:34:53
2010,26,6,,,2025-01-11 19:47:08
2417,547,2,1,,2024-11-14 15:48:27
2249,667,3,,,2024-11-28 06:47:43
1392,458,3,,,2025-05-19 13:04:57
1260,613,3,8,,2025-07-04 22:35:06
2067,30,2,,,2025-01-25 20:11:41
2488,506,3,9,,2025-02-16 20:58:36
1695,105,5,,,2024-11-15 20:34:23
2184,573,1,,10,2025-07-30 19:14:21
1290,311,2,,,2025-02-07 18:05:56
1728,730,3,,,2025-08-13 19:55:37
1798,505,6,,,2025-07-06 20:31:33
1442,405,4,,,2025-01-29 20:01:09
2361,337,2,5,,2025-01-28 17:58:51
1187,400,6,1,,2024-12-04 11:16:18
2042,405,1,,,2024-12-21 04:36:04
1574,721,1,,,2025-07-20 04:54:59
1834,88,4,,,2025-03-15 18:20:06
2139,5,6,,,2025-04-21 15:55:54
1233,547,5,,,2025-05-03 14:39:01
1324,240,5,,,2025-01-29 18:48:50
2463,682,4,10,,2025-02-26 02:22:42
1102,522,6,7,,2024-12-19 17:18:10
1231,717,3,,,2025-03-01 02:14:00
1321,180,3,,4,2025-03-20 18:46:22
1486,722,5,,,2024-12-01 07:34:26
2079,730,1,,,2025-01-04 06:27:13
1278,576,7,,,2025-05-20 23:55:39
1416,182,7,,13,2025-02-14 02:09:23
1848,749,5,,,2025-03-11 09:52:32
1782,240,6,1,3,2025-03-24 21:34:36
1589,247,1,,5,2025-08-14 19:42:21
1141,667,3,7,,2024-12-05 16:09:23
1742,222,7,,,2025-01-25 02:00:31
1458,667,3,,,2025-07-02 17:54:20
2000,311,6,,,2025-03-16 19:09:58
1921,328,6,,11,2025-03-09 23:50:27
2155,150,4,,,2025-01-02 23:49:50
1580,89,6,1,,2025-05-24 18:22:11
2094,416,6,,,2025-02-16 20:07:10
2421,131,4,,,2025-03-21 04:48:51
1557,317,1,,,2024-11-13 06:28:12
1839,30,7,1,10,2025-03-09 14:54:55
1224,188,6,7,,2025-05-19 19:38:09
1918,228,1,,8,2025-05-10 03:19:48
1342,166,3,,,2025-01-17 02:01:51
2004,177,3,9,,2025-01-03 20:23:58
1911,180,2,2,,2024-12-18 16:20:09
1653,730,1,,13,2025-06-25 00:59:16
1284,615,6,,10,2025-03-14 16:17:09
1572,128,3,9,15,2025-02-22 04:35:07
2009,449,6,,,2025-05-17 15:51:05
1080,364,3,,,2025-05-20 13:09:54
1095,543,2,,14,2025-02-17 16:12:38
1602,730,6,,,2025-06-26 16:41:09
2419,717,1,,,2024-11-18 08:12:08
1640,384,3,,,2024-11-17 09:01:58
1882,172,3,,,2025-08-04 10:18:22
1717,547,6,1,8,2024-12-20 16:51:40
1267,717,6,7,,2025-02-19 18:36:51
2246,500,4,10,3,2025-05-24 16:54:11
1500,500,6,,,2025-08-03 09:05:07
2186,620,6,7,,2025-02-07 20:38:29
1696,29,4,,8,2025-01-31 16:43:21
2499,30,4,,,2025-05-25 20:39:05
1161,657,5,,"13,14",2025-07-06 21:02:45
2109,240,6,,,2025-02-24 02:06:13
2242,575,4,,5,2025-05-17 19:39:37
1106,657,6,,,2024-12-13 16:51:58
2106,45,2,,,2025-06-21 16:39:14
2030,500,2,4,,2024-11-09 18:54:16
1830,657,2,,,2025-01-25 20:32:41
2435,459,2,,,2025-05-10 02:47:45
1859,97,2,2,10,2025-05-31 17:04:51
1750,240,7,6,,2025-07-06 00:45:52
2099,755,2,,13,2024-11-26 00:17:17
1519,130,7,,,2024-11-24 22:14:48
2375,251,3,,,2025-06-28 15:41:06
1740,228,7,,,2025-02-07 17:13:36
2301,18,3,,,2025-05-15 20:25:11
2135,347,2,4,,2025-01-08 09:04:05
1886,463,3,,,2025-03-16 21:03:46
1009,73,2,,,2025-06-23 02:54:10
2346,363,4,1,,2025-06-19 19:42:27
2190,497,2,,14,2025-04-29 19:37:21
1213,620,7,,,2025-01-22 16:47:40
1579,82,2,,9,2025-07-19 17:14:47
1856,705,2,,9,2025-03-09 12:04:05
1221,171,3,,,2025-05-31 15:15:18
1675,190,3,,,2025-05-12 11:31:12
1544,297,3,"7,9",,2025-01-18 21:15:23
1462,717,3,,,2025-02-18 18:05:56
2297,302,5,,,2025-07-20 15:41:11
1737,749,7,,13,2025-08-09 16:49:38
1097,166,6,2,,2025-01-22 20:51:06
1910,100,4,,,2025-03-11 19:12:16
1606,265,1,,6,2024-12-21 17:42:44
1241,385,3,9,,2024-12-20 03:44:01
2413,228,2,"5,6",11,2025-02-17 12:40:47
1721,151,2,,,2025-03-10 08:33:17
2191,176,3,,10,2025-07-06 20:16:57
2441,448,3,,,2024-11-24 18:36:05
2275,237,6,"2,7",,2024-11-13 21:14:21
2445,755,4,,,2025-07-30 16:35:51
1508,620,2,,8,2025-03-07 20:03:30
2029,250,2,,,2025-01-04 19:58:03
1165,547,3,,,2024-11-15 21:00:31
2098,658,5,11,,2025-07-05 22:58:41
1817,755,2,5,14,2025-07-05 15:26:21
1974,547,1,,4,2025-01-17 19:14:47
1121,33,6,,,2025-07-31 17:43:56
2296,733,1,,8,2025-05-21 19:49:24
2137,698,3,"7,8",,2025-01-05 08:17:17
1796,206,1,,,2025-03-22 19:29:13
1622,400,6,,,2025-03-13 00:02:27
1604,281,3,,,2025-06-09 18:28:23
1467,717,6,,4,2025-04-05 15:29:07
1386,228,2,,,2025-05-11 19:23:00
2098,658,6,,4,2025-07-05 22:58:41
2380,240,6,,,2025-05-17 18:36:07
1439,493,6,,,2025-01-21 12:00:14
1151,547,3,,4,2025-07-09 15:07:21
2455,116,5,,,2024-12-27 21:13:12
2433,159,3,,,2024-12-21 19:23:54
1688,731,4,,,2025-06-05 16:14:57
1305,518,6,,,2025-02-16 18:19:20
1964,697,3,,,2025-02-21 08:57:26
2062,45,2,3,,2025-06-01 11:52:47
1405,288,1,1,,2025-07-25 21:18:51
1119,611,3,,4,2025-06-08 18:59:57
1312,205,6,,,2025-07-10 19:05:47
1668,101,2,,,2025-05-16 19:55:09
1355,549,4,,,2025-06-13 02:42:59
1407,252,4,,8,2025-07-12 19:28:39
1293,447,4,12,,2025-07-08 11:26:00
1425,432,6,,,2025-02-01 17:16:15
2320,547,3,,,2025-05-15 20:03:04
2268,500,4,1,,2024-11-29 18:51:01
1585,500,6,2,,2025-03-21 16:44:20
2412,486,6,,10,2025-03-28 20:57:39
1725,620,6,,,2024-11-09 13:33:16
2211,277,6,,,2024-11-02 17:00:05
1487,717,6,,3,2024-12-08 16:04:58
2159,240,3,,,2025-04-27 20:31:06
1106,657,1,14,,2024-12-13 16:51:58
2168,173,4,,"5,7",2024-11-29 03:52:10
1314,708,3,,14,2024-12-04 02:55:55
1573,465,2,,,2025-02-01 17:16:33
1453,319,4,,,2025-01-11 20:21:08
2457,277,3,,,2025-01-15 22:26:40
1301,85,3,,,2024-12-22 09:52:04
1068,707,3,,,2025-01-24 00:27:03
2479,289,4,,,2024-11-13 17:14:51
1099,698,6,,8,2025-08-14 19:15:37
2185,370,4,10,13,2025-02-19 15:03:15
1836,730,1,,,2025-03-11 19:58:50
2034,667,6,,5,2024-11-28 20:02:08
2156,698,1,1,,2025-08-02 15:19:54
1526,345,6,,,2024-12-02 19:54:52
2019,454,2,,,2024-12-24 18:08:03
1205,730,2,3,,2025-01-31 08:30:03
2047,63,3,7,,2025-02-07 19:26:22
1665,620,2,6,,2024-11-10 15:15:13
2339,547,3,,"12,15",2025-01-18 07:25:54
2336,22,6,,,2025-03-08 15:47:34
1282,747,7,4,9,2025-05-16 20:33:59
1249,698,2,,,2025-05-28 11:40:41
1966,228,6,2,,2024-12-15 17:26:16
2362,527,2,,,2024-12-01 20:28:30
1658,408,3,,,2025-05-17 23:30:56
1556,240,3,,,2025-04-12 18:12:50
1880,547,1,14,12,2025-01-05 11:40:32
1245,667,7,,,2025-01-20 03:45:52
2181,437,6,2,,2024-12-14 21:58:19
1011,698,1,,,2025-06-26 20:46:29
1646,137,4,,,2025-08-07 18:13:30
1133,353,1,,,2025-04-11 18:32:40
1200,730,6,,,2024-12-31 17:34:26
1934,697,3,,,2025-08-01 17:39:48
2459,161,3,8,"3,3",2025-06-02 00:15:34
1650,725,3,1,,2025-05-19 07:43:47
1199,30,6,7,,2024-12-07 04:53:25
1606,265,3,,,2024-12-21 17:42:44
1104,85,2,5,,2025-03-15 08:06:22
1238,630,1,,,2025-02-16 20:01:10
2178,395,5,6,"3,10",2025-06-29 16:36:49
1954,657,4,,,2024-12-20 21:51:53
1930,358,2,2,,2025-06-15 19:36:56
1411,762,3,,,2025-05-24 17:20:15
1105,598,4,,13,2025-05-18 03:04:32
2341,400,7,1,9,2025-05-10 13:13:09
1394,500,3,,14,2025-03-07 19:27:23
1172,730,6,,,2025-02-22 18:22:58
1525,30,6,,,2025-08-03 16:54:03
2330,330,3,,,2025-06-15 14:29:42
1243,547,6,,,2025-03-08 18:10:32
2441,448,1,,,2024-11-24 18:36:05
1845,41,5,,,2025-07-01 21:08:52
1520,667,6,,,2024-12-13 19:39:18
1608,746,4,,,2025-02-26 18:02:35
1150,399,6,2,9,2025-01-17 10:41:13
1420,533,3,,,2024-11-26 21:32:55
1685,442,6,7,,2024-11-19 20:46:11
1375,153,2,5,7,2024-11-08 23:51:10
1909,547,2,,,2025-01-27 21:58:20
2129,366,1,,,2025-05-30 03:08:16
2382,623,6,7,,2025-02-27 03:07:49
1004,121,5,,"10,14",2024-11-28 09:00:40
1895,45,6,,12,2024-11-03 12:16:30
1347,720,5,,12,2025-02-20 15:23:15
1005,701,1,,12,2025-06-07 14:32:26
2058,543,3,,12,2025-01-18 07:04:40
1403,18,4,,,2025-01-27 11:20:44
1175,657,4,,"3,7",2025-06-18 16:42:57
1767,675,2,,,2025-02-24 07:21:37
1401,228,2,,13,2025-04-10 16:34:09
1186,217,6,1,,2024-11-08 18:44:28
1647,396,3,,15,2025-01-28 19:28:44
1885,392,4,,3,2025-03-22 20:35:14
1921,328,2,,13,2025-03-09 23:50:27
1849,130,3,8,5,2025-02-02 19:55:17
1605,180,6,,5,2024-11-21 13:30:20
2092,180,2,6,,2024-12-20 00:02:55
1899,505,2,,"12,13",2025-03-23 03:23:12
1209,500,4,,,2024-11-24 03:17:23
1486,722,5,11,,2024-12-01 07:34:26
1930,358,6,,,2025-06-15 19:36:56
1235,457,6,,,2025-07-23 03:59:34
1505,521,3,9,3,2025-06-07 12:38:18
2159,240,6,1,,2025-04-27 20:31:06
1317,128,6,"2,7",,2025-06-07 02:18:18
1437,672,2,,,2024-12-25 21:07:27
2488,506,2,,13,2025-02-16 20:58:36
1459,657,5,,,2025-05-27 05:06:05
2481,500,2,,,2025-02-21 16:06:46
1818,702,4,,,2024-11-17 20:59:44
1174,269,5,,,2025-05-11 01:40:32
2363,79,2,,,2024-12-29 17:12:07
2081,28,6,,,2024-12-05 09:59:09
1861,241,4,10,,2025-07-16 05:19:58
1050,500,7,,,2024-12-04 08:32:31
1020,380,1,,,2025-04-10 01:54:27
1107,783,7,"6,15",,2025-02-27 06:41:45
1398,5,2,,,2025-07-16 19:56:44
1580,89,5,,,2025-05-24 18:22:11
2402,598,4,2,4,2025-08-04 23:05:26
1065,180,5,,15,2025-03-14 08:12:24
2025,657,3,,,2025-05-31 18:58:38
1916,713,7,,9,2025-06-30 02:05:30
2438,227,4,,,2025-05-22 17:44:02
2396,226,6,,15,2025-01-25 21:25:46
2415,657,3,8,4,2025-07-05 20:15:01
2415,657,4,,,2025-07-05 20:15:01
2479,289,1,,13,2024-11-13 17:14:51
1272,30,3,1,12,2025-06-06 18:45:41
2241,386,2,6,,2024-12-26 13:20:52
1898,16,6,,6,2025-06-21 16:38:15
1741,657,3,8,,2025-02-03 18:18:06
1744,414,2,,,2025-08-01 16:58:53
1938,40,3,9,,2025-02-19 22:36:03
2043,667,4,2,13,2025-05-02 19:57:11
1838,698,4,,,2025-07-05 20:49:31
1488,199,3,7,,2025-04-25 20:08:05
1273,343,3,9,,2025-02-09 21:06:32
1059,478,2,,,2025-02-27 15:05:29
1023,395,6,1,13,2024-12-08 20:04:13
2106,45,6,2,5,2025-06-21 16:39:14
1390,485,6,,,2025-07-17 18:10:34
2417,547,2,,12,2024-11-14 15:48:27
1044,699,2,,9,2025-04-15 09:24:49
1470,752,6,1,,2025-01-18 18:29:33
1228,578,5,11,,2025-01-05 17:38:18
1523,57,3,8,13,2025-07-11 06:59:13
1461,729,5,,,2025-06-14 19:52:26
1006,612,2,,,2024-11-02 19:38:08
1575,549,7,,,2025-02-28 19:45:02
1755,30,6,,,2024-12-26 18:24:17
1251,9,7,6,,2025-05-10 17:14:10
1036,45,6,,15,2025-07-18 04:42:05
2144,733,4,,,2025-07-30 07:33:10
1081,620,7,,,2025-08-01 03:42:12
1263,13,3,,,2025-02-19 16:01:27
1778,378,2,"1,2",,2025-01-12 11:58:39
1183,719,7,,,2025-07-10 20:28:49
1164,755,2,,,2025-01-26 10:39:29
1824,519,6,1,,2025-08-07 03:02:59
1967,627,2,,,2025-03-07 20:20:55
1889,730,2,1,"7,13",2024-12-02 06:37:38
1569,394,3,,,2025-03-03 10:57:50
1791,720,6,,4,2025-01-03 03:02:53
1940,360,2,3,,2025-05-30 19:21:39
2249,667,2,,,2024-11-28 06:47:43
2222,470,2,,15,2025-02-11 20:59:15
2291,512,6,1,"10,10",2025-06-07 18:50:31
1389,606,6,2,14,2025-05-26 09:33:17
1179,344,3,2,,2025-03-11 17:28:03
1474,297,3,,,2025-06-06 21:04:10
2163,620,5,,9,2024-11-28 00:07:30
1396,667,3,,,2025-08-11 08:35:23
2355,42,3,8,,2025-01-18 12:52:47
1443,717,6,,10,2025-07-08 00:13:51
2115,560,5,11,,2025-04-18 06:10:31
1776,228,5,,,2025-06-12 20:37:12
2005,620,6,,,2025-02-06 20:44:35
1047,755,3,,,2024-12-25 18:15:25
1976,547,1,2,6,2024-11-11 17:38:28
1071,681,1,,,2025-05-03 03:59:33
1489,119,7,,11,2025-03-11 16:26:54
1212,583,3,,4,2025-05-24 16:43:17
1870,543,2,,,2025-06-20 17:53:36
1271,455,3,,,2025-02-23 19:46:18
2287,730,6,2,,2025-02-07 02:01:25
2387,692,2,,,2025-04-07 10:27:52
1609,155,6,,14,2024-12-20 15:17:44
1869,710,4,,6,2025-01-31 09:16:49
2061,670,2,,13,2025-02-09 15:44:25
1084,115,3,,6,2025-03-06 19:33:21
1034,463,2,,,2025-06-20 13:52:46
1095,543,4,,,2025-02-17 16:12:38
1158,634,7,,,2025-05-30 23:59:39
1041,70,7,5,,2025-03-30 17:40:40
1402,32,5,6,,2025-05-16 06:00:09
1051,235,3,,3,2025-06-20 20:17:58
1887,452,2,5,8,2024-12-08 06:05:47
2195,30,7,,,2025-06-12 18:38:03
1142,730,2,,9,2025-06-28 19:50:02
1103,258,5,11,9,2024-11-03 19:21:47
1648,228,3,,,2025-06-10 17:03:15
1570,716,2,4,,2025-08-10 16:09:54
1099,698,6,,9,2025-08-14 19:15:37
1061,180,7,4,11,2024-12-02 19:27:23
2146,543,6,,,2025-04-02 19:09:53
2303,667,3,,,2025-04-26 18:13:05
1401,228,2,,,2025-04-10 16:34:09
2230,207,3,"7,8",3,2025-01-22 00:23:08
1710,14,4,,,2024-12-27 20:10:29
1128,755,2,,,2025-02-16 00:03:21
1191,543,3,,13,2025-04-06 20:01:56
1331,657,4,,,2025-07-13 16:19:20
1895,45,7,15,,2024-11-03 12:16:30
1618,592,2,,14,2024-12-04 17:42:37
2102,498,6,2,,2025-01-15 19:29:45
1076,215,5,1,,2025-02-11 11:15:35
1576,400,3,,11,2025-06-05 00:37:07
1533,463,3,,12,2025-02-28 20:14:21
1970,111,7,,,2025-07-05 18:48:48
1079,30,5,,3,2025-03-28 19:18:23
1324,240,3,,10,2025-01-29 18:48:50
1056,711,3,1,11,2025-05-25 20:57:21
2385,19,5,11,,2025-05-09 23:40:35
1926,698,6,1,,2025-03-25 09:20:06
1885,392,1,,15,2025-03-22 20:35:14
1665,620,2,3,,2024-11-10 15:15:13
2325,108,5,2,,2025-04-01 00:24:17
2290,752,6,,,2025-06-27 19:43:50
2249,667,6,1,,2024-11-28 06:47:43
1549,567,1,2,,2025-01-21 06:55:00
1714,263,1,14,,2025-04-08 23:42:55
1292,463,5,,,2025-02-23 12:15:22
1182,717,5,11,,2025-04-23 02:23:32
2162,632,4,,,2025-04-18 16:36:53
1204,667,4,,,2025-06-01 17:46:39
1919,623,2,,,2025-03-01 19:22:49
1088,607,6,,,2025-03-02 18:28:53
2237,745,1,1,5,2024-11-11 23:23:51
1494,537,2,,11,2024-11-17 19:06:34
1191,543,2,1,,2025-04-06 20:01:56
2120,725,7,15,,2024-11-03 20:55:50
2499,30,6,,,2025-05-25 20:39:05
1073,717,3,2,,2025-06-18 17:45:50
1027,240,6,2,,2025-02-16 18:36:47
2130,180,3,,,2024-12-27 19:46:14
2289,672,6,,,2025-01-05 03:13:40
1331,657,7,,,2025-07-13 16:19:20
1521,501,7,,,2025-05-19 02:49:58
2142,712,4,,,2025-08-02 12:44:52
2169,620,6,,,2025-03-29 17:09:25
1001,96,4,,11,2025-03-15 13:20:16
2059,722,3,2,,2024-12-28 18:56:36
1795,30,3,,,2024-12-13 18:40:53
1800,667,1,1,,2025-05-25 19:53:59
1966,228,2,,14,2024-12-15 17:26:16
1063,730,7,,7,2025-01-10 17:21:06
1994,605,6,2,6,2025-05-04 15:21:50
1496,759,3,,,2024-12-25 03:13:06
2417,547,7,,,2024-11-14 15:48:27
1754,547,6,,"11,12",2025-07-09 18:40:46
1553,323,3,"1,2",12,2024-11-08 09:09:30
1936,307,6,2,,2025-02-14 18:42:40
1991,543,3,,,2025-02-02 19:30:46
2397,608,3,9,3,2025-04-05 19:42:26
2150,737,4,,,2024-12-08 00:23:11
1303,402,5,"1,2",14,2025-04-05 18:01:49
2337,204,4,,,2025-05-04 14:42:39
2000,311,3,2,,2025-03-16 19:09:58
2031,500,3,,,2024-12-14 21:33:46
1080,364,1,,,2025-05-20 13:09:54
1503,421,3,,13,2025-07-06 03:10:23
2005,620,6,,9,2025-02-06 20:44:35
1591,614,2,,,2025-05-22 21:16:05
1893,735,1,2,,2025-07-19 03:08:50
1048,701,1,,,2025-06-22 06:05:00
1613,119,5,1,13,2025-06-09 17:21:36
2041,16,2,,,2025-03-05 19:26:57
1905,500,7,1,7,2025-03-23 18:23:45
1171,715,3,,,2025-04-27 15:09:26
1108,169,3,,,2025-06-06 21:39:26
1786,400,4,1,"5,6",2025-05-10 06:03:27
1281,757,3,7,,2025-01-17 08:56:30
2228,702,4,,,2025-05-06 18:27:46
1823,361,1,14,,2025-02-16 19:38:52
2412,486,2,,,2025-03-28 20:57:39
2153,712,2,2,,2025-01-12 21:03:34
1911,180,4,12,,2024-12-18 16:20:09
1906,228,5,,,2025-08-02 04:54:28
2233,657,3,,,2024-11-02 23:50:57
1981,463,7,,13,2025-06-15 17:26:14
1008,736,2,4,,2025-08-06 14:37:23
1332,547,2,,7,2025-06-01 20:03:44
1517,5,6,,,2025-05-31 18:47:31
1196,712,1,,,2025-06-07 18:19:22
1636,716,4,10,,2025-02-21 11:08:33
1292,463,1,2,6,2025-02-23 12:15:22
2011,543,3,,,2025-03-07 18:23:22
1657,526,3,,,2025-05-05 23:42:50
1670,169,2,,,2025-05-20 17:13:48
2317,730,4,,3,2024-11-13 16:23:41
1951,170,4,,7,2025-04-30 21:08:24
1341,156,6,,,2024-11-26 18:42:24
1980,775,2,,,2025-07-03 01:59:03
2315,634,4,,11,2025-04-11 09:38:38
1841,717,5,,5,2025-06-23 18:31:53
1692,5,7,,,2025-05-25 08:26:45
1374,289,1,14,,2025-04-23 00:17:57
1534,608,6,,,2025-01-28 18:14:26
2428,620,3,2,,2025-02-09 11:58:07
1624,65,3,,,2025-01-17 18:25:06
1529,620,7,,,2025-02-13 17:39:55
1399,790,1,2,,2025-05-23 14:42:55
1868,755,2,,,2024-11-24 17:26:35
1509,169,3,8,3,2025-03-28 00:58:11
2070,672,4,,5,2025-01-25 01:58:18
2060,30,6,2,4,2025-07-19 06:30:00
1825,480,3,,,2025-06-29 18:34:20
1744,414,6,,,2025-08-01 16:58:53
1280,730,2,,10,2024-11-07 09:42:44
1490,45,5,"2,11",,2025-01-07 18:04:54
2270,5,2,,7,2025-01-07 10:17:35
1269,620,4,10,5,2025-07-03 18:42:39
1699,240,1,,,2025-07-29 20:55:25
1561,620,2,"2,3",,2025-04-23 19:55:43
1532,87,1,2,,2025-03-08 18:05:14
1748,245,7,,,2025-01-15 19:49:08
1701,81,6,,14,2025-06-18 08:48:35
2176,705,6,1,,2025-06-01 06:21:57
2149,154,4,1,11,2024-11-07 15:46:26
2365,258,6,,10,2025-05-01 06:25:21
2175,464,6,,,2025-04-14 19:01:11
1947,547,6,,,2024-12-28 04:31:07
2039,620,2,2,,2025-03-21 21:06:36
2151,444,6,,14,2025-03-09 20:59:35
2267,373,3,,4,2024-12-07 16:49:32
1900,717,5,11,,2025-01-20 20:47:30
2310,194,4,,4,2025-02-15 09:54:15
2328,715,3,9,,2024-11-07 04:31:54
1891,609,6,7,,2025-06-01 15:08:18
1639,441,2,,,2025-05-24 23:41:25
1060,355,2,,11,2025-06-14 06:57:00
1845,41,2,,,2025-07-01 21:08:52
1581,493,4,,,2024-12-08 17:12:58
2033,400,6,,,2024-11-12 19:44:04
1492,311,1,14,,2025-05-01 09:02:17
2182,783,2,,10,2024-12-29 21:25:56
1045,717,7,,13,2025-08-05 17:29:39
1100,264,1,,,2025-02-08 23:55:45
1821,684,1,,,2025-04-18 16:18:50
1676,443,6,,,2025-07-06 19:44:44
2385,19,2,,10,2025-05-09 23:40:35
1588,717,6,,,2025-03-07 19:15:24
1875,583,7,,7,2025-01-23 19:23:57
1375,153,5,,3,2024-11-08 23:51:10
2372,245,5,,,2025-04-12 16:26:34
1261,114,6,2,,2025-03-12 18:23:12
1291,270,3,,6,2025-03-21 01:31:09
1739,73,7,,,2025-03-01 06:28:33
1644,583,6,,,2025-06-17 21:47:22
1592,380,6,,,2024-12-15 18:37:18
2460,1,4,,,2025-02-16 16:20:47
1353,578,6,,,2025-06-14 21:53:32
2134,717,7,,14,2025-01-01 03:01:32
2114,178,4,12,,2025-06-28 04:32:13
2073,543,5,,,2025-07-05 19:10:15
1480,796,1,"2,14",,2025-08-09 19:45:06
1134,547,2,,,2024-12-30 18:13:41
1829,228,4,,13,2025-04-22 05:00:42
1031,363,4,2,,2025-08-08 01:19:44
1520,667,4,,11,2024-12-13 19:39:18
1069,682,6,,,2025-01-08 16:18:30
1129,240,3,,,2025-03-14 20:14:32
1869,710,6,,,2025-01-31 09:16:49
1630,500,1,,,2025-06-04 18:27:09
2351,208,2,"5,6",,2024-12-08 14:23:19
2459,161,3,,,2025-06-02 00:15:34
1789,26,1,1,9,2025-07-18 13:11:29
1832,401,3,,,2025-08-10 16:39:24
1944,755,5,6,,2025-02-26 20:50:56
2049,717,6,,,2025-01-03 10:37:43
1962,500,5,,,2024-11-01 04:07:33
1380,476,4,,,2025-02-26 18:00:59
1372,775,3,7,,2025-07-09 19:43:19
2044,428,5,,,2025-03-01 19:17:03
2332,661,2,,15,2024-12-06 20:30:59
1252,620,5,,8,2025-06-19 21:48:44
1858,620,3,,,2025-05-04 03:50:54
1024,196,3,,,2025-01-14 17:53:37
1878,176,5,,,2025-02-17 18:21:42
2362,527,3,,,2024-12-01 20:28:30
2410,667,5,,15,2025-04-11 18:29:55
1684,657,6,,,2025-06-14 04:35:22
1132,193,1,,,2025-05-09 19:37:23
2350,675,6,,4,2024-12-14 11:54:41
1865,257,1,,10,2025-05-03 18:36:07
1901,620,1,,4,2025-04-09 20:18:53
2075,5,5,,,2024-12-27 18:00:21
1660,313,2,,,2024-12-28 00:05:03
1365,657,3,,,2025-06-02 19:35:22
1690,76,3,,3,2025-08-04 13:12:16
1792,240,5,,3,2025-06-27 18:13:34
1745,471,5,2,,2024-12-24 07:44:04
1433,608,4,,,2025-06-27 00:50:39
1542,463,2,,11,2025-05-25 14:31:09
1484,30,1,,,2025-08-10 19:30:01
1181,527,2,,,2025-05-18 11:39:55
1530,331,4,,,2024-11-26 15:43:53
2497,375,6,2,"6,12",2025-03-07 18:14:14
2257,240,4,,,2025-06-15 20:20:06
1833,500,6,"1,2","3,4",2024-11-23 14:39:57
2134,717,3,7,11,2025-01-01 03:01:32
2096,180,2,,10,2025-06-26 21:42:40
2254,737,4,,14,2025-05-29 20:31:27
1676,443,1,,,2025-07-06 19:44:44
1870,543,3,,,2025-06-20 17:53:36
1768,81,3,2,,2025-05-20 17:28:13
1083,69,3,,,2024-11-16 10:39:41
2191,176,7,,,2025-07-06 20:16:57
1417,240,4,,,2025-05-29 19:53:47
1840,794,6,,,2025-02-04 18:50:06
1846,442,2,1,,2025-05-15 13:55:45
1642,390,3,,,2025-05-11 17:18:14
1686,363,1,,,2025-06-14 21:42:42
1755,30,3,,5,2024-12-26 18:24:17
2041,16,5,,,2025-03-05 19:26:57
2403,177,4,,8,2024-12-31 09:21:55
2113,131,4,12,,2025-02-25 05:52:18
1638,566,3,,,2024-12-13 00:26:26
2292,269,2,3,,2024-12-22 03:25:20
2473,231,6,2,,2025-05-23 19:58:04
1611,606,6,,,2025-03-28 20:08:34
2001,180,6,,,2025-01-11 15:25:10
1532,87,3,,,2025-03-08 18:05:14
1522,116,4,,6,2025-05-31 18:14:43
1336,536,7,,,2024-12-12 19:52:41
1203,308,6,,13,2025-03-25 06:52:52
1057,712,1,,3,2025-02-13 19:40:02
2280,730,5,,8,2025-06-06 20:26:58
1330,186,6,,,2024-12-14 21:34:03
1298,180,2,5,,2024-12-28 08:14:08
1137,620,4,,"15,15",2025-02-12 10:21:03
1752,566,3,2,,2025-03-02 17:41:35
2342,667,5,,12,2025-05-31 02:34:02
2077,228,3,,,2025-03-10 20:18:03
2321,343,3,2,11,2025-04-04 19:39:25
2062,45,7,3,,2025-06-01 11:52:47
1438,478,5,11,,2024-11-30 18:17:08
1048,701,1,,,2025-06-22 06:05:00
1924,698,7,,,2025-05-10 14:24:04
1628,341,4,12,,2024-12-05 18:14:20
2150,737,6,,,2024-12-08 00:23:11
2450,525,2,,,2025-05-11 08:40:06
1210,240,4,,,2025-03-02 13:15:14
1994,605,3,9,,2025-05-04 15:21:50
1029,727,1,1,5,2025-05-02 16:29:43
2498,657,2,2,,2025-07-26 06:41:48
1487,717,1,,5,2024-12-08 16:04:58
2398,717,2,,,2025-07-06 06:35:03
2111,109,5,,"8,15",2024-12-03 19:50:24
1705,412,5,,,2025-05-30 20:31:10
2333,754,3,,,2025-04-13 18:03:40
1533,463,3,,,2025-02-28 20:14:21
1148,620,6,1,,2025-01-09 20:55:16
1665,620,2,,"11,12",2024-11-10 15:15:13
1337,716,3,8,,2024-11-07 18:18:44
2008,667,3,,,2025-01-03 19:22:04
1495,15,2,,,2025-08-08 18:23:48
1548,349,6,,9,2025-02-02 16:07:35
2470,30,3,,,2025-05-28 18:29:42
2234,642,5,6,9,2025-05-04 11:28:39
1527,207,6,7,"13,14",2025-08-08 03:04:15
2269,406,1,,10,2025-02-08 21:15:25
1997,45,5,,,2024-12-08 17:22:56
1306,754,4,,13,2025-02-24 21:08:40
1793,45,4,,,2025-03-01 21:47:32
1590,684,3,,6,2025-07-17 20:30:17
2154,318,5,,5,2025-02-05 04:23:49
1454,240,4,2,,2025-01-17 18:06:26
1086,623,1,"1,14",,2025-05-03 14:03:31
1310,227,6,,,2025-01-24 19:21:25
2469,547,2,3,,2025-02-03 05:18:08
1700,544,2,1,14,2024-11-17 19:16:21
1444,62,2,4,,2025-04-06 00:09:18
2477,400,2,2,15,2025-06-26 05:20:09
1068,707,5,11,,2025-01-24 00:27:03
1610,555,4,,,2025-06-02 19:23:00
2171,707,7,15,14,2025-07-03 10:46:07
2471,563,5,,"10,14",2024-11-22 13:07:50
1543,650,6,,,2025-07-17 06:31:06
1371,519,7,,9,2025-04-18 14:48:38
1912,566,3,,,2025-01-05 17:07:28
1945,426,2,6,14,2025-07-22 18:50:45
1010,249,4,,"9,14",2025-07-05 19:32:26
1298,180,7,,,2024-12-28 08:14:08
1215,571,3,2,15,2024-11-28 21:34:59
1769,750,4,,,2025-03-07 18:30:28
1860,755,3,,,2025-05-29 15:26:51
2024,99,5,,"14,14",2025-03-10 09:57:44
2347,724,2,,15,2025-06-14 19:33:56
2032,338,1,1,,2025-03-09 19:03:31
1504,45,3,1,,2025-02-09 20:56:40
2256,240,2,,8,2025-08-14 17:11:39
2449,180,1,,,2025-05-08 01:28:44
1503,421,3,9,3,2025-07-06 03:10:23
1612,791,2,,,2025-01-04 19:54:31
2064,255,3,,,2025-05-24 16:30:46
1122,717,5,,,2025-05-30 06:02:49
1645,755,6,,15,2025-02-06 04:46:39
2216,620,7,,,2025-06-09 07:47:29
1198,439,4,,8,2025-02-08 15:01:48
1251,9,6,,4,2025-05-10 17:14:10
2451,544,6,,,2025-03-08 19:05:35
1751,253,2,,,2025-01-02 22:37:23
1385,431,5,2,,2024-12-20 20:59:29
1962,500,3,,,2024-11-01 04:07:33
1732,77,2,,"12,12",2025-01-17 20:25:52
1553,323,7,,7,2024-11-08 09:09:30
2349,61,4,,,2025-01-31 19:06:38
1548,349,3,2,,2025-02-02 16:07:35
1896,594,6,,5,2025-07-26 17:33:23
1868,755,6,,,2024-11-24 17:26:35
2133,180,6,2,9,2025-04-23 19:04:09
1811,228,2,5,,2025-06-14 08:21:39
1388,45,2,6,14,2024-11-08 17:46:52
1019,180,5,1,,2025-08-05 18:26:48
1268,400,3,9,,2025-06-11 09:13:25
1913,464,6,7,,2024-11-01 14:29:31
1932,286,2,5,14,2025-07-02 17:00:23
2302,777,5,11,14,2025-03-21 23:39:07
1254,146,6,,,2025-05-05 14:17:53
1322,12,5,2,"8,14",2025-01-10 19:50:49
1351,746,3,,,2025-04-03 10:27:07
1167,471,1,"1,2",,2025-08-02 19:20:42
1659,373,4,,15,2025-01-31 09:37:37
1883,461,5,,13,2025-01-31 21:39:18
2231,500,1,,13,2025-04-27 18:03:13
1729,744,4,12,,2025-06-14 19:19:56
1692,5,4,1,,2025-05-25 08:26:45
1072,755,3,1,4,2025-01-07 02:40:11
1727,657,5,,,2025-06-21 13:20:31
1772,790,3,,,2025-03-24 03:50:20
1789,26,1,,,2025-07-18 13:11:29
2224,177,3,,5,2024-12-07 18:46:51
1930,358,4,1,,2025-06-15 19:36:56
1508,620,3,8,10,2025-03-07 20:03:30
2386,70,3,,6,2025-07-14 19:14:15
1719,404,1,1,,2025-03-29 17:42:48
2037,662,4,"1,10",,2025-03-07 18:13:20
1116,527,2,5,,2025-02-05 16:14:37
1793,45,4,2,8,2025-03-01 21:47:32
2330,330,3,,,2025-06-15 14:29:42
2500,547,5,,,2024-12-15 17:03:31
1566,208,2,,,2025-06-09 19:22:28
1427,521,3,,,2025-06-14 20:20:30
2045,557,7,1,,2025-05-30 19:04:54
1513,405,3,,,2025-01-07 11:12:27
1873,260,1,,7,2024-11-08 19:45:32
1924,698,2,,13,2025-05-10 14:24:04
2288,463,6,2,,2025-04-12 12:58:28
1904,620,4,,,2025-01-31 16:29:02
1362,681,4,12,"7,13",2024-11-13 22:08:12
1412,400,2,,,2025-02-28 17:53:53
1822,730,2,,,2025-08-10 19:47:45
1807,375,7,,,2024-12-05 21:20:17
1574,721,4,,4,2025-07-20 04:54:59
1382,308,3,,,2025-06-13 18:01:32
1467,717,3,9,,2025-04-05 15:29:07
2143,449,4,"1,10",,2025-07-06 19:17:47
2383,654,1,14,,2024-11-10 16:18:01
2193,601,3,9,5,2025-02-26 13:06:29
1830,657,3,,,2025-01-25 20:32:41
1567,569,3,,,2025-08-04 17:00:25
1088,607,1,14,5,2025-03-02 18:28:53
2063,453,6,,,2024-11-10 22:33:14
1534,608,1,2,,2025-01-28 18:14:26
2308,667,4,12,,2025-05-23 19:03:50
1779,27,3,,,2024-12-27 10:41:13
1593,181,4,10,"7,8",2025-01-01 19:58:50
1090,523,3,,,2024-12-28 21:28:10
1484,30,1,,,2025-08-10 19:30:01
2468,598,1,14,,2025-01-26 17:43:51
1468,658,3,,,2025-03-22 19:49:15
1277,696,3,,,2025-05-13 00:21:13
1204,667,3,,,2025-06-01 17:46:39
1483,755,7,5,,2025-06-24 18:30:08
1677,180,3,,6,2024-11-09 04:51:27
1587,653,1,14,8,2024-11-30 19:30:13
1623,45,3,,,2025-06-02 23:11:47
1036,45,4,,,2025-07-18 04:42:05
1979,45,1,,,2025-04-21 17:17:50
2322,175,4,,,2025-03-06 19:11:56
1715,625,3,,,2025-02-09 18:27:05
1631,175,6,2,,2025-02-07 17:56:07
1555,547,2,,,2024-11-07 19:01:36
1879,45,3,2,,2024-11-10 17:11:09
1813,665,4,,,2024-11-04 19:26:56
1004,121,2,4,,2024-11-28 09:00:40
1724,219,4,,,2025-07-06 01:02:35
2289,672,3,,,2025-01-05 03:13:40
2334,730,1,,3,2025-06-07 04:18:08
1202,361,2,,,2024-12-22 17:10:23
2240,265,3,,5,2025-08-03 21:56:38
2416,680,6,,10,2025-06-27 17:34:16
1330,186,2,4,,2024-12-14 21:34:03
1724,219,3,"2,7",14,2025-07-06 01:02:35
1777,180,3,,,2025-03-15 02:44:01
1600,152,3,,5,2025-03-18 19:53:46
2384,189,1,,,2024-11-30 17:35:37
1228,578,2,,,2025-01-05 17:38:18
1973,543,6,,,2024-12-28 09:46:57
2203,467,5,,9,2024-12-14 19:57:12
1234,382,2,,,2025-07-18 17:52:57
1112,5,4,,11,2025-06-12 07:10:26
1828,228,2,,,2025-04-24 21:49:41
1874,93,6,,,2025-05-01 17:36:43
1421,686,7,15,,2025-02-17 18:21:41
1039,417,4,,,2025-01-20 15:42:35
2199,30,4,10,6,2025-07-26 15:05:36
1526,345,3,,5,2024-12-02 19:54:52
1596,667,4,,,2025-04-02 19:09:38
1983,94,1,"1,14",,2024-11-27 21:55:34
1805,730,2,,,2025-02-09 18:42:55
1839,30,5,1,,2025-03-09 14:54:55
1349,657,6,,,2025-03-08 05:59:13
1702,136,4,,,2024-12-10 04:30:10
1481,191,2,,,2024-12-30 09:46:07
1299,444,4,,,2025-02-16 20:04:59
1381,495,5,,,2024-11-23 02:44:56
1239,547,6,,9,2025-07-11 20:41:28
1016,667,7,"3,5",,2025-03-11 09:54:50
1501,403,1,14,,2024-11-24 10:16:24
1028,755,7,,8,2025-01-10 06:03:47
1651,656,7,,14,2025-07-17 13:01:19
2376,608,5,,7,2024-12-20 18:03:43
1591,614,4,,,2025-05-22 21:16:05
2391,32,6,7,,2025-02-13 21:57:16
1304,547,4,,,2025-07-20 00:09:58
1666,620,6,,"9,11",2025-01-29 19:43:13
1398,5,1,14,,2025-07-16 19:56:44
1547,240,4,,"5,6",2025-04-05 20:54:31
2467,400,4,,,2024-11-30 01:29:03
1766,384,5,,,2025-05-11 06:32:46
1866,698,6,,,2025-08-14 20:52:11
1189,30,7,,11,2025-06-06 11:46:55
2007,544,4,,,2025-06-11 17:49:52
1814,620,7,,,2025-02-21 18:21:06
1562,260,4,,,2025-05-20 18:38:36
2406,657,3,,,2025-08-09 18:58:29
1363,657,7,3,10,2025-06-08 16:31:43
1117,502,5,,,2025-07-10 16:32:42
2188,193,5,1,7,2025-08-11 19:26:31
1694,370,6,,13,2025-02-11 11:54:20
1614,45,2,,15,2025-03-22 18:59:46
1931,100,3,,,2024-12-02 21:27:05
1462,717,6,,13,2025-02-18 18:05:56
1501,403,7,5,,2024-11-24 10:16:24
2494,572,2,,11,2025-01-04 23:03:08
1417,240,3,,13,2025-05-29 19:53:47
1415,30,5,6,3,2025-06-20 06:51:47
1015,347,6,7,"4,15",2025-04-05 16:58:32
1096,168,4,,3,2025-04-12 18:06:09
1960,757,6,,,2025-03-15 19:04:01
1915,424,5,,,2024-11-23 19:06:33
2490,24,3,1,6,2025-08-10 22:29:27
1672,563,5,,,2024-12-14 20:32:25
1708,425,4,,4,2025-05-31 09:04:41
1193,425,6,,9,2025-01-24 07:58:47
1148,620,7,5,,2025-01-09 20:55:16
1820,547,5,,"5,13",2025-05-18 18:10:11
1716,39,3,,,2025-04-10 14:26:17
1511,730,3,"7,8",,2025-01-13 19:43:07
2279,657,2,5,,2025-02-15 00:34:15
1446,657,2,"1,2",,2025-06-28 15:19:05
1140,180,5,6,,2024-11-03 17:07:37
1227,730,1,,,2024-12-15 12:31:03
1369,720,4,,15,2025-08-09 10:49:08
2312,547,6,,,2025-02-06 23:44:56
2323,180,6,,8,2025-04-16 16:59:47
2283,5,7,,,2024-12-15 15:25:04
2264,547,3,,,2025-04-19 09:42:42
1386,228,3,,,2025-05-11 19:23:00
1996,30,2,4,,2025-06-26 19:31:40
1771,668,7,,,2025-03-16 18:03:31
1354,432,1,,,2025-04-18 18:39:17
1120,218,1,,,2024-12-24 16:22:36
1894,755,4,,,2024-12-08 03:26:14
1863,495,7,,13,2024-12-22 09:56:10
1014,652,5,"1,6",7,2025-05-03 05:53:53
2090,782,6,,,2025-04-10 09:04:04
1774,252,1,14,8,2025-06-07 18:53:31
2491,796,2,,,2025-01-07 09:43:20
1402,32,3,,6,2025-05-16 06:00:09
2093,97,1,,,2025-07-31 16:01:17
1485,667,2,,7,2025-07-23 00:50:06
2420,681,1,1,,2025-03-25 18:35:55
1734,183,5,2,3,2025-04-04 17:24:07
2312,547,4,,,2025-02-06 23:44:56
2068,467,1,,13,2025-03-01 04:33:00
1693,142,6,,,2025-06-19 21:26:03
2453,702,1,,,2025-06-03 20:24:47
1214,305,3,,"6,10",2025-06-28 18:31:54
2163,620,1,,,2024-11-28 00:07:30
1571,35,6,,13,2024-11-08 16:09:59
2254,737,7,"3,6",10,2025-05-29 20:31:27
1173,666,5,,,2024-11-19 15:41:56
1022,229,3,1,,2025-01-11 16:35:06
2369,613,4,,,2025-03-24 11:42:57
1326,8,1,,,2024-11-10 04:08:16
2483,297,4,12,,2025-08-08 18:54:43
1992,577,7,3,12,2024-12-08 13:49:01
1176,366,3,,,2025-05-24 21:31:10
1030,180,3,9,"11,11",2025-06-01 12:04:34
2212,87,4,,,2025-04-20 00:00:12
1541,660,7,,,2025-05-24 17:06:02
1754,547,1,2,,2025-07-09 18:40:46
1997,45,2,,"9,12",2024-12-08 17:22:56
1348,717,3,,6,2024-12-27 12:45:16
2309,500,6,,,2025-05-18 07:11:21
2489,30,6,2,,2025-03-17 19:34:45
1503,421,1,,11,2025-07-06 03:10:23
2424,717,5,,,2025-01-11 08:30:04
1471,488,1,,,2024-12-19 16:15:39
2326,543,3,8,,2024-12-29 20:02:17
1878,176,5,,,2025-02-17 18:21:42
1833,500,1,,13,2024-11-23 14:39:57
2006,13,3,,,2025-04-24 19:42:24
2084,438,7,,,2024-12-08 06:42:15
2277,266,6,,4,2025-08-01 08:44:07
1927,543,6,,3,2024-12-06 22:04:33
2411,266,2,,7,2025-07-07 19:06:02
1574,721,3,"1,7",,2025-07-20 04:54:59
2146,543,2,,"7,15",2025-04-02 19:09:53
1123,228,7,,12,2025-03-07 17:42:32
2220,240,1,2,,2025-01-03 19:43:29
1691,314,3,,5,2025-07-23 09:24:52
2247,493,6,,,2025-05-13 21:54:32
1857,526,3,8,,2025-04-24 10:02:32
1586,580,6,7,13,2025-07-23 16:33:08
2236,543,6,,,2025-01-18 18:57:52
2301,18,3,8,,2025-05-15 20:25:11
1632,717,2,,,2025-06-06 15:57:43
1661,80,2,"1,4",12,2025-02-15 15:27:32
1115,546,3,,13,2025-01-03 16:51:30
2418,154,5,,,2025-01-14 15:34:14
2374,620,6,1,3,2025-03-06 18:58:12
1379,666,3,,14,2025-08-07 21:56:00
1818,702,5,,,2024-11-17 20:59:44
1899,505,5,11,15,2025-03-23 03:23:12
2431,473,1,,13,2025-04-25 15:48:55
1079,30,2,1,13,2025-03-28 19:18:23
2028,240,6,,12,2025-08-14 18:50:00
2026,400,5,,,2024-12-08 01:24:53
2344,720,1,,,2025-08-09 17:15:49
1432,667,4,12,,2025-04-23 17:55:54
2368,429,1,,,2025-02-23 17:26:13
2214,502,4,,,2025-04-20 17:18:37
1823,361,6,,,2025-02-16 19:38:52
1042,518,6,,,2024-12-21 01:13:51
1114,180,6,,9,2025-06-13 15:41:30
1303,402,7,,10,2025-04-05 18:01:49
1832,401,3,,,2025-08-10 16:39:24
1160,45,2,6,,2025-04-12 21:00:29
2461,755,1,,,2024-11-03 19:40:09
2203,467,3,1,,2024-12-14 19:57:12
1810,525,2,2,,2025-07-29 18:46:15
2353,432,3,,,2025-01-26 16:24:26
1007,127,3,8,,2025-03-28 17:53:53
1731,224,5,,7,2025-01-27 16:17:08
2390,621,2,6,,2025-04-05 01:29:56
1764,39,5,2,,2025-08-07 17:35:53
1334,670,6,,,2024-12-29 21:31:45
2198,235,4,,,2025-03-26 00:06:41
1194,306,1,,,2025-05-18 18:53:55
1947,547,6,,,2024-12-28 04:31:07
1645,755,1,,,2025-02-06 04:46:39
2341,400,3,,,2025-05-10 13:13:09
1634,770,4,,,2025-02-17 20:30:59
2138,500,6,,,2024-11-29 16:10:19
2458,657,3,,,2025-06-06 00:06:38
1460,11,2,6,"12,12",2024-11-24 20:14:51
1259,326,2,,,2025-02-08 15:32:39
2316,228,4,,,2025-06-07 18:17:30
2278,717,1,,13,2025-06-14 21:57:38
1201,755,2,3,,2025-06-27 05:16:46
2164,316,6,,12,2025-01-15 15:39:36
1941,317,3,,,2025-01-27 19:15:25
2022,463,4,10,,2025-03-25 20:30:57
1113,730,6,2,,2025-06-27 18:57:40
1350,735,2,"4,5",8,2025-05-24 16:52:44
2290,752,3,,,2025-06-27 19:43:50
1472,74,5,2,,2025-08-14 00:15:44
1627,670,2,,,2025-08-09 18:00:42
2454,210,2,,,2025-06-19 21:06:00
1405,288,4,,,2025-07-25 21:18:51
2397,608,3,,,2025-04-05 19:42:26
1672,563,7,,,2024-12-14 20:32:25
1363,657,6,7,4,2025-06-08 16:31:43
2239,456,6,7,"13,13",2025-06-13 14:53:40
2400,436,6,,,2025-01-04 11:11:21
1844,550,4,,,2025-05-14 01:46:58
1109,125,3,,,2025-03-31 03:47:11
2318,202,1,,,2025-07-11 14:45:40
1977,477,3,2,,2025-06-22 20:59:58
1302,176,1,1,,2025-03-21 18:31:59
1691,314,7,,,2025-07-23 09:24:52
2450,525,1,,,2025-05-11 08:40:06
1486,722,2,5,,2024-12-01 07:34:26
2284,794,6,"1,2",,2025-02-08 19:18:20
1978,606,3,,6,2025-01-13 20:01:13
1344,785,5,1,,2025-03-21 01:55:42
1962,500,3,,,2024-11-01 04:07:33
1144,781,6,,,2025-02-08 10:43:54
1827,173,1,,,2025-01-30 20:52:15
1881,463,3,,5,2025-04-20 13:06:54
1447,657,2,,7,2024-12-16 21:31:44
1106,657,3,,11,2024-12-13 16:51:58
1542,463,2,5,,2025-05-25 14:31:09
2090,782,6,7,,2025-04-10 09:04:04
1708,425,4,,,2025-05-31 09:04:41
1153,143,6,,"13,13",2025-04-20 16:51:17
2164,316,1,,7,2025-01-15 15:39:36
1637,506,3,,,2024-11-13 16:50:02
1211,228,2,2,,2025-04-12 01:19:50
1221,171,3,2,,2025-05-31 15:15:18
2411,266,1,1,"7,8",2025-07-07 19:06:02
1300,255,7,,7,2025-04-02 18:29:50
1092,405,2,1,,2025-02-12 20:18:47
1870,543,7,6,14,2025-06-20 17:53:36
1156,225,6,1,,2025-07-30 18:11:38
2040,408,3,,3,2025-01-31 17:41:54
1598,730,2,,,2024-11-29 06:38:21
1190,477,2,,,2024-11-10 08:37:47
2023,129,4,,5,2024-11-28 19:46:35
2238,755,3,1,5,2025-05-02 03:44:52
2356,519,5,,,2025-05-11 03:06:30
1528,730,2,"5,6",10,2025-07-17 19:13:44
2223,171,4,,,2025-01-22 19:38:27
2452,657,5,,,2025-07-09 23:47:05
1832,401,2,5,,2025-08-10 16:39:24
2187,698,2,,10,2025-01-08 18:10:06
2015,698,4,,,2025-07-26 18:52:21
1289,5,4,,,2025-05-10 03:33:57
2360,107,3,9,,2025-03-02 16:08:59
2256,240,1,,,2025-08-14 17:11:39
1615,256,7,,"11,11",2025-07-23 19:31:43
2133,180,1,2,,2025-04-23 19:04:09
1168,240,3,1,,2025-01-26 17:13:36
1473,717,6,"1,2",,2025-03-07 03:14:09
1002,658,2,,,2025-04-30 17:15:29
1085,755,3,9,3,2025-05-30 20:00:58
1510,367,2,4,,2025-03-10 16:58:40
1798,505,7,,,2025-07-06 20:31:33
1689,704,1,,,2025-01-04 19:19:24
2177,30,2,,8,2025-03-08 18:19:01
2166,543,6,1,,2025-03-02 16:48:15
2351,208,5,11,,2024-12-08 14:23:19
2003,693,5,,,2025-01-21 20:03:56
2002,698,3,,,2025-01-10 23:12:56
2311,456,1,,,2025-04-11 18:36:46
2089,762,3,,,2024-12-26 16:53:14
1922,733,2,3,,2024-11-25 06:29:54
2398,717,5,,,2025-07-06 06:35:03
1329,175,3,9,,2025-01-05 17:05:11
2080,234,3,,,2024-12-10 11:33:13
2329,228,5,6,,2025-07-11 18:13:12
1818,702,1,,,2024-11-17 20:59:44
2227,755,5,11,8,2025-06-27 15:05:56
1902,586,3,,3,2025-01-13 17:43:31
2440,127,3,8,11,2025-07-20 19:25:38
2163,620,4,,,2024-11-28 00:07:30
2214,502,6,,"4,14",2025-04-20 17:18:37
1997,45,4,1,,2024-12-08 17:22:56
2326,543,2,,,2024-12-29 20:02:17
1487,717,5,,10,2024-12-08 16:04:58
2417,547,6,,,2024-11-14 15:48:27
1902,586,1,,,2025-01-13 17:43:31
2319,555,7,,,2024-12-18 04:03:44
2371,754,3,,,2025-02-03 00:31:16
2217,500,4,,,2024-12-14 18:15:43
1236,458,6,,15,2025-04-20 06:15:51
1477,185,3,,10,2025-05-13 20:50:50
2020,180,4,,,2025-03-16 21:39:29
2051,543,5,2,,2025-06-04 09:56:29
1518,7,4,,,2025-07-17 08:12:09
1988,698,5,6,,2025-07-23 08:45:44
1918,228,7,,2,2025-05-10 03:19:48
2265,397,1,14,,2025-07-30 18:11:12
1703,203,2,,15,2025-06-27 13:34:16
1463,255,3,,,2025-05-30 19:23:54
1466,30,2,,14,2025-05-01 18:02:31
1929,119,3,,5,2025-07-02 19:36:17
1998,50,3,9,,2025-03-30 20:47:44
2002,698,2,,,2025-01-10 23:12:56
1897,269,6,,,2025-08-12 08:27:50
2484,620,4,12,,2024-11-13 20:08:16
1901,620,6,,,2025-04-09 20:18:53
2063,453,6,,"5,5",2024-11-10 22:33:14
1978,606,6,1,3,2025-01-13 20:01:13
2086,71,6,,,2025-04-26 19:00:29
2189,542,2,,,2025-04-01 05:55:06
1965,47,1,,,2025-06-28 01:29:56
2305,297,2,4,,2025-01-09 18:00:30
2474,519,4,,6,2025-03-08 22:48:25
2465,547,3,,,2025-06-07 00:14:51
2172,400,5,,"13,15",2025-06-07 12:54:45
2428,620,5,,,2025-02-09 11:58:07
1570,716,5,,,2025-08-10 16:09:54
1475,14,6,,,2025-02-06 19:59:33
1730,43,3,,,2025-04-05 16:01:23
2421,131,5,11,,2025-03-21 04:48:51
1409,744,3,8,,2025-02-20 07:55:34
1499,98,4,1,3,2025-07-27 16:21:53
1424,582,4,,,2025-01-30 19:04:18
2304,717,7,,,2025-05-22 13:46:19
1801,565,6,,14,2025-02-21 04:20:51
1907,180,4,,,2025-02-15 13:50:56
2232,698,6,,,2024-11-26 20:09:31
2442,525,3,,,2025-04-24 18:00:56
1854,386,6,,,2025-03-31 00:54:27
1390,485,6,,,2025-07-17 18:10:34
1763,757,6,,,2025-01-21 14:15:04
1400,488,4,,,2024-12-31 22:09:05
1862,707,6,,"4,9",2025-02-04 19:46:20
2201,240,7,,9,2025-07-17 18:31:59
1540,667,5,1,,2025-05-29 18:26:22
2430,281,3,,,2025-01-15 10:19:55
2018,463,2,,,2024-12-06 17:24:11
1360,5,2,,12,2024-11-10 14:38:23
2255,274,3,,,2025-04-13 06:36:08
2376,608,2,4,,2024-12-20 18:03:43
1074,45,3,2,5,2025-02-15 00:25:49
1735,180,3,9,,2025-01-11 19:37:40
1413,564,5,,7,2025-07-08 14:17:06
1906,228,6,"2,7",3,2025-08-02 04:54:28
1536,235,3,8,,2025-05-26 19:11:08
1622,400,1,,9,2025-03-13 00:02:27
2141,258,4,,6,2025-03-08 09:32:21
2227,755,2,5,,2025-06-27 15:05:56
2056,633,1,,,2025-03-13 08:50:37
1642,390,3,,,2025-05-11 17:18:14
2124,758,2,,,2025-06-27 16:54:55
2346,363,3,,,2025-06-19 19:42:27
1750,240,6,,,2025-07-06 00:45:52
1159,414,5,,"10,15",2025-08-07 00:05:41
1295,129,2,,8,2025-03-29 06:01:54
1570,716,4,12,,2025-08-10 16:09:54
1626,212,2,,,2024-12-23 23:35:47
1299,444,2,,,2025-02-16 20:04:59
1552,755,4,,9,2025-07-06 18:49:16
2422,319,2,,10,2025-01-20 03:16:45
1893,735,2,,13,2025-07-19 03:08:50
1743,463,2,,,2024-11-19 20:51:53
2282,155,4,,,2025-07-17 16:16:16
1474,297,5,11,,2025-06-06 21:04:10
2459,161,1,,,2025-06-02 00:15:34
2407,180,2,,12,2025-07-19 15:41:41
1451,755,4,,15,2025-07-11 04:13:21
2259,201,1,,12,2024-12-07 00:22:53
1694,370,7,,,2025-02-11 11:54:20
2118,202,6,,,2025-05-20 16:53:59
1526,345,1,,12,2024-12-02 19:54:52
2357,657,2,5,,2025-07-12 19:46:59
1500,500,1,1,,2025-08-03 09:05:07
1077,543,1,14,,2025-01-26 17:39:58
1575,549,3,,,2025-02-28 19:45:02
2253,45,6,,,2025-01-20 02:05:34
2140,763,3,1,3,2025-04-19 06:16:24
1304,547,1,,,2025-07-20 00:09:58
1374,289,3,,,2025-04-23 00:17:57
1773,755,4,,,2025-02-12 06:04:57
1761,463,6,1,,2024-11-16 09:15:56
1673,398,3,,,2024-11-05 17:45:44
1558,673,1,,13,2024-11-21 19:26:57
2335,180,3,1,10,2025-01-25 20:46:09
1154,159,3,7,,2025-01-17 19:17:43
1101,124,6,7,6,2024-12-01 19:42:52
1757,614,7,5,2,2025-04-25 20:08:33
1033,400,2,,14,2025-01-11 07:36:50
1732,77,2,,"7,7",2025-01-17 20:25:52
1177,140,2,,,2025-05-19 18:09:58
2074,500,7,,8,2025-04-05 17:40:08
2286,376,3,,,2025-02-17 20:07:40
1285,717,1,1,,2025-04-01 19:14:05
1218,228,6,2,,2025-01-13 07:03:49
1311,445,7,4,,2025-06-12 12:41:34
2216,620,6,2,,2025-06-09 07:47:29
1294,4,1,1,,2025-04-26 20:02:55
1436,308,1,,,2025-02-14 02:03:31
2082,30,3,,,2025-08-05 17:44:45
1836,730,4,2,,2025-03-11 19:58:50
1784,620,6,,,2025-01-24 03:42:21
2063,453,5,,,2024-11-10 22:33:14
1477,185,5,,,2025-05-13 20:50:50
1831,15,1,2,3,2025-04-02 02:31:57
1975,500,7,,,2025-01-23 18:06:04
1387,664,1,,,2024-11-27 20:34:22
2335,180,6,,,2025-01-25 20:46:09
2346,363,3,,,2025-06-19 19:42:27
1049,92,2,,10,2025-01-13 19:46:25
2315,634,4,,9,2025-04-11 09:38:38
1013,62,2,,8,2025-07-18 05:07:50
1851,184,4,,9,2024-11-30 17:22:06
1767,675,4,,,2025-02-24 07:21:37
1366,536,2,,11,2024-12-22 19:49:31
1286,798,2,,10,2025-01-25 16:23:43
1145,243,3,,,2025-05-22 16:08:43
1550,30,4,,4,2025-02-08 16:25:57
1166,45,3,7,14,2025-02-01 16:07:15
2392,753,6,,5,2025-02-16 18:48:20
1568,124,4,,,2024-12-13 19:22:17
1777,180,1,2,7,2025-03-15 02:44:01
1633,56,2,,,2025-06-07 09:10:47
1252,620,3,1,,2025-06-19 21:48:44
2268,500,7,15,13,2024-11-29 18:51:01
1523,57,4,10,,2025-07-11 06:59:13
2250,396,6,7,,2025-02-22 19:57:43
1223,733,5,,5,2024-11-22 18:44:55
2233,657,1,,,2024-11-02 23:50:57
1732,77,1,,15,2025-01-17 20:25:52
1912,566,6,2,,2025-01-05 17:07:28
2252,284,3,,,2025-05-11 10:09:43
2057,750,2,,,2025-05-25 21:45:08
1337,716,3,,,2024-11-07 18:18:44
2500,547,2,,9,2024-12-15 17:03:31
1581,493,4,,,2024-12-08 17:12:58
1718,240,7,,,2024-12-21 17:25:52
2416,680,2,,,2025-06-27 17:34:16
1155,543,2,,,2024-12-20 16:05:34
1124,755,2,,11,2024-12-05 18:48:50
2126,228,3,,,2025-01-05 21:53:05
1512,228,7,6,,2024-11-07 06:13:42
2066,698,4,,,2025-04-18 03:57:39
1814,620,2,,,2025-02-21 18:21:06
1736,755,3,,,2025-05-28 03:59:16
2131,612,2,,11,2025-04-03 00:11:25
2398,717,1,,,2025-07-06 06:35:03
1027,240,2,,,2025-02-16 18:36:47
1556,240,4,2,,2025-04-12 18:12:50
2051,543,4,10,,2025-06-04 09:56:29
1994,605,1,1,,2025-05-04 15:21:50
1972,390,1,,3,2025-02-01 17:56:24
2458,657,2,,,2025-06-06 00:06:38
1185,387,7,,,2025-03-24 14:03:19
2471,563,3,,,2024-11-22 13:07:50
1441,666,5,2,,2025-07-24 00:25:45
1925,616,3,9,"4,13",2025-05-23 14:01:23
2478,30,6,,,2024-11-15 04:00:30
1476,272,2,,,2025-07-05 19:39:01
2085,433,5,11,,2024-12-31 17:45:55
1908,681,7,,,2025-02-14 05:14:52
2359,500,3,1,,2025-06-16 19:55:10
1413,564,1,2,4,2025-07-08 14:17:06
1147,514,4,,,2025-03-14 20:05:10
2293,639,6,,,2025-05-13 18:51:07
1705,412,4,,13,2025-05-30 20:31:10
2460,1,3,,,2025-02-16 16:20:47
1780,265,6,7,,2025-02-23 10:28:30
1352,49,5,,,2025-04-01 09:27:19
1539,478,3,8,"4,4",2025-03-08 08:52:14
1018,436,6,,6,2025-03-14 19:47:49
1340,784,7,,,2024-12-29 16:04:08
1855,30,6,1,,2024-12-19 16:37:23
1691,314,1,,13,2025-07-23 09:24:52
1876,426,7,,,2025-02-15 19:21:01
2076,5,1,,,2025-06-21 16:20:27
1553,323,7,,,2024-11-08 09:09:30
2205,274,7,15,,2025-07-22 19:44:49
1098,708,2,2,14,2024-11-01 18:28:31
2054,562,1,,,2025-07-31 20:54:35
1247,620,6,1,,2025-05-11 13:01:16
1892,313,4,12,,2025-02-03 19:15:31
1346,304,3,,5,2025-04-30 19:47:22
2167,564,1,,,2025-02-24 17:21:24
1790,559,6,,,2025-08-07 15:30:57
1815,30,2,,,2025-01-28 20:32:47
1923,159,6,1,,2024-12-18 06:15:39
1620,645,6,1,10,2025-06-11 01:32:18
