order_id,runner_id,pickup_time,distance,duration,cancellation
1001,10,2025-03-15 13:33:16,1.3km,8 minutes,
1002,15,2025-04-30 17:28:29,5.0km,22 minutes,
1003,15,2025-04-05 20:54:21,4.6km,13 minutes,
1004,15,2024-11-28 09:13:40,1.6 km,8 minutes,
1005,8,2025-06-07 14:54:26,2.1km,12 minutes,
1006,11,2024-11-02 19:55:08,2.1km,10 minutes,
1007,14,2025-03-28 18:06:53,5.1km,18 minutes,
1008,2,2025-08-06 14:45:23,3.1km,10 minutes,
1009,7,,,,
1010,7,2025-07-05 19:49:26,1.8km,12 minutes,
1011,3,2025-06-26 20:56:29,2.4km,11 minutes,
1012,3,2025-03-12 04:40:22,2.6km,10 minutes,
1013,11,2025-07-18 05:19:50,4.8,10 minutes,
1014,10,2025-05-03 06:07:53,6.1 km,21 minutes,
1015,14,2025-04-05 17:08:32,4.5km,14 minutes,
1016,6,2025-03-11 10:05:50,3.6km,15 minutes,
1017,3,2025-05-12 11:30:31,0.5km,8 minutes,
1018,3,2025-03-14 19:59:49,1.3km,12 minutes,
1019,7,2025-08-05 18:38:48,3.0,24 minutes,
1020,7,2025-04-10 02:07:27,5.0km,29 minutes,
1021,6,2025-05-14 16:13:33,4.6,18 minutes,
1022,5,2025-01-11 16:56:06,3.0km,13 minutes,
1023,6,2024-12-08 20:22:13,1.7km,6 minutes,
1024,3,2025-01-14 18:06:37,2.3km,13 minutes,
1025,15,2025-02-07 12:06:26,2.9km,15 minutes,
1026,11,2025-01-17 08:33:37,4.4km,18 minutes,
1027,2,2025-02-16 18:48:47,4.3 km,17 minutes,
1028,13,2025-01-10 06:19:47,4.7km,18 minutes,
1029,3,2025-05-02 16:47:43,4.3km,15 minutes,
1030,15,2025-06-01 12:24:34,3.3km,18 minutes,
1031,7,2025-08-08 01:37:44,3.5km,16 minutes,
1032,13,2024-12-23 18:24:52,4.6km,27 minutes,
1033,3,2025-01-11 07:41:50,5.6km,25 minutes,
1034,4,,,,address issue
1035,12,2024-11-10 15:01:45,5.1km,20 minutes,
1036,13,2025-07-18 04:57:05,6.4km,21 minutes,
1037,10,2024-11-13 18:42:22,0.6km,6 minutes,
1038,13,2025-02-08 18:55:09,2.7 km,16 minutes,
1039,5,2025-01-20 16:01:35,3.9km,12 minutes,
1040,3,2025-01-10 22:53:53,5.7km,24 minutes,
1041,14,,,17 minutes,
1042,14,2024-12-21 01:27:51,6.1km,35 minutes,
1043,8,2025-06-17 21:34:26,2.7km,14 minutes,
1044,1,2025-04-15 09:39:49,3.4km,15 minutes,
1045,7,2025-08-05 17:45:39,3.4km,6 minutes,
1046,15,2025-05-05 09:01:10,4.5,15 minutes,
1047,5,2024-12-25 18:36:25,5.1km,22 minutes,
1048,12,2025-06-22 06:17:00,3.6km,19 minutes,
1049,14,2025-01-13 20:03:25,5.0km,18 minutes,
1050,5,,,17 minutes,
1051,9,2025-06-20 20:40:58,1.0km,14 minutes,
1052,11,2024-11-26 03:05:05,5.3km,21 minutes,
1053,11,2025-05-08 13:49:05,2.3km,17 minutes,
1054,4,2024-12-07 13:43:50,2.1km,10 minutes,
1055,4,2024-11-25 21:22:23,3.9 km,15 minutes,
1056,12,2025-05-25 21:04:21,2.0 km,13 minutes,
1057,4,2025-02-13 19:43:02,,13 minutes,
1058,12,2025-04-06 19:26:56,1.9km,10 minutes,
1059,9,2025-02-27 15:27:29,2.7km,17 minutes,
1060,8,2025-06-14 07:13:00,5.9km,25 minutes,
1061,11,2024-12-02 19:34:23,3.9km,20 minutes,
1062,4,2025-02-08 18:16:27,3.9km,27 minutes,
1063,1,2025-01-10 17:36:06,2.2km,14 minutes,
1064,11,,,,
1065,13,2025-03-14 08:29:24,5.6km,19 minutes,
1066,12,2025-07-03 18:48:59,6.8km,21 minutes,
1067,13,2025-02-21 22:19:49,4.7 km,23 minutes,
1068,11,2025-01-24 00:34:03,6.0km,19 minutes,
1069,7,2025-01-08 16:29:30,3.9km,22 minutes,
1070,10,2025-06-05 23:17:40,5.2,17 minutes,
1071,6,2025-05-03 04:19:33,4.4km,16 minutes,
1072,3,2025-01-07 02:55:11,1.0 km,9 minutes,
1073,3,2025-06-18 17:57:50,6.2km,32 minutes,
1074,10,2025-02-15 00:42:49,3.5km,15 minutes,
1075,7,2025-04-21 16:15:58,4.2km,16 minutes,
1076,1,2025-02-11 11:24:35,4.6km,24 minutes,
1077,5,2025-01-26 17:53:58,6.4,21 minutes,
1078,9,2025-08-08 14:10:17,2.6 km,13 minutes,
1079,2,2025-03-28 19:38:23,5.1km,25 minutes,
1080,4,2025-05-20 13:25:54,4.5km,20 minutes,
1081,14,2025-08-01 03:55:12,5.9km,23 minutes,
1082,13,2024-11-19 00:26:19,7.3km,31 minutes,
1083,3,2024-11-16 10:53:41,2.4km,16 minutes,
1084,13,2025-03-06 19:40:21,4.2km,17 minutes,
1085,5,2025-05-30 20:18:58,2.4km,18 minutes,
1086,15,2025-05-03 14:13:31,4.5 km,30 minutes,
1087,7,2025-02-04 16:01:19,5.2km,23 minutes,
1088,5,2025-03-02 18:39:53,3.0km,11 minutes,
1089,3,2024-11-19 17:47:45,4.0km,19 minutes,
1090,13,2024-12-28 21:43:10,4.0km,14 minutes,
1091,12,2025-01-20 07:24:46,2.8km,16 minutes,
1092,12,2025-02-12 20:34:47,4.0km,20 minutes,
1093,11,2025-07-18 21:40:27,3.4km,16 minutes,
1094,10,2025-04-20 17:21:49,3.8km,12 minutes,
1095,5,2025-02-17 16:26:38,1.6km,11 minutes,
1096,4,2025-04-12 18:11:09,4.9km,18 minutes,
1097,12,2025-01-22 21:03:06,2.2km,14 minutes,
1098,2,2024-11-01 18:41:31,3.3km,10 minutes,
1099,11,2025-08-14 19:26:37,3.9km,26 minutes,
1100,5,2025-02-09 00:10:45,4.6km,12 minutes,
1101,3,2024-12-01 19:58:52,6.5 km,45 minutes,
1102,4,2024-12-19 17:25:10,1.1,12 minutes,
1103,7,2024-11-03 19:36:47,1.6km,8 minutes,
1104,13,2025-03-15 08:23:22,5.2km,28 minutes,
1105,2,2025-05-18 03:22:32,7.1km,23 minutes,
1106,10,2024-12-13 17:05:58,3.2,19 minutes,
1107,8,2025-02-27 06:53:45,2.6km,11 minutes,
1108,14,2025-06-06 21:51:26,3.9km,11 minutes,
1109,11,2025-03-31 04:04:11,3.9km,16 minutes,
1110,10,2024-12-15 14:07:57,5.0km,25 minutes,
1111,14,2025-01-15 19:31:51,1.5km,8 minutes,
1112,2,2025-06-12 07:26:26,4.2km,23 minutes,
1113,8,2025-06-27 19:12:40,3.1km,18 minutes,
1114,1,2025-06-13 15:54:30,4.8km,17 minutes,
1115,10,2025-01-03 17:05:30,0.7,8 minutes,
1116,5,2025-02-05 16:27:37,3.4km,8 minutes,
1117,3,2025-07-10 16:42:42,,,
1118,7,2025-02-01 06:36:03,0.5km,6 minutes,
1119,2,2025-06-08 19:21:57,2.9km,16 minutes,
1120,7,2024-12-24 16:37:36,3.5km,20 minutes,
1121,11,2025-07-31 17:55:56,3.2km,16 minutes,
1122,10,2025-05-30 06:19:49,4.9,22 minutes,
1123,11,2025-03-07 17:56:32,4.5,13 minutes,
1124,3,2024-12-05 19:02:50,3.6km,18 minutes,
1125,14,2025-07-20 15:56:35,1.0km,7 minutes,
1126,2,2025-02-22 19:53:01,4.6km,18 minutes,
1127,5,2025-05-23 04:54:28,2.6km,13 minutes,
1128,14,2025-02-16 00:18:21,0.5km,8 minutes,
1129,2,2025-03-14 20:30:32,1.5km,11 minutes,
1130,7,2025-01-23 18:03:03,6.2km,24 minutes,
1131,2,2025-04-20 21:45:19,2.4km,8 minutes,
1132,13,2025-05-09 19:56:23,2.1km,9 minutes,
1133,7,2025-04-11 18:49:40,5.2km,15 minutes,
1134,2,,1.1km,,
1135,2,2025-07-19 19:30:08,0.5km,8 minutes,
1136,7,2025-04-11 06:41:38,3.4km,10 minutes,
1137,12,2025-02-12 10:36:03,2.6km,16 minutes,
1138,2,2025-05-31 05:18:59,5.2,25 minutes,
1139,4,2025-04-01 04:45:53,1.5km,11 minutes,
1140,6,2024-11-03 17:18:37,4.7km,19 minutes,
1141,3,2024-12-05 16:18:23,6.6km,20 minutes,
1142,5,2025-06-28 20:06:02,4.3km,26 minutes,
1143,2,2024-12-10 20:24:47,1.1km,7 minutes,
1144,12,2025-02-08 10:55:54,3.6km,16 minutes,
1145,8,2025-05-22 16:19:43,3.6km,6 minutes,
1146,14,2025-08-11 17:12:54,2.4,9 minutes,
1147,6,2025-03-14 20:18:10,3.8km,8 minutes,
1148,4,2025-01-09 21:09:16,2.8,13 minutes,
1149,6,2025-05-15 21:20:29,5.7km,28 minutes,
1150,1,2025-01-17 10:56:13,6.2km,27 minutes,
1151,14,,,,
1152,4,2025-01-24 21:21:37,2.3km,18 minutes,
1153,5,2025-04-20 17:08:17,4.3km,22 minutes,
1154,7,2025-01-17 19:27:43,3.2km,21 minutes,
1155,2,2024-12-20 16:22:34,2.2km,8 minutes,
1156,2,2025-07-30 18:31:38,1.2km,6 minutes,
1157,2,2025-05-24 19:38:59,6.2km,27 minutes,
1158,3,,1.8km,,
1159,1,2025-08-07 00:19:41,2.5km,6 minutes,
1160,1,2025-04-12 21:13:29,3.9km,18 minutes,
1161,14,2025-07-06 21:20:45,1.9 km,8 minutes,
1162,6,2025-02-10 18:29:35,2.9km,12 minutes,
1163,10,2025-03-08 23:20:50,2.4km,16 minutes,
1164,9,2025-01-26 10:52:29,3.3,15 minutes,
1165,2,2024-11-15 21:11:31,4.4km,18 minutes,
1166,13,2025-02-01 16:18:15,0.5km,6 minutes,
1167,3,2025-08-02 19:33:42,2.8km,22 minutes,
1168,13,2025-01-26 17:20:36,5.3km,21 minutes,
1169,5,2025-04-11 18:09:37,3.8km,16 minutes,
1170,2,2024-11-30 16:32:44,2.2km,8 minutes,
1171,12,2025-04-27 15:23:26,2.6km,14 minutes,
1172,3,2025-02-22 18:39:58,0.5km,6 minutes,
1173,5,2024-11-19 15:55:56,4.3km,22 minutes,
1174,10,2025-05-11 02:02:32,3.6km,21 minutes,
1175,10,,,,address issue
1176,6,2025-05-24 21:46:10,4.1km,18 minutes,
1177,7,2025-05-19 18:28:58,7.4km,27 minutes,
1178,10,2025-03-23 09:35:17,2.7km,23 minutes,
1179,15,2025-03-11 17:44:03,2.7km,15 minutes,
1180,8,2025-07-26 16:51:37,4.2km,18 minutes,
1181,2,2025-05-18 11:55:55,2.6,19 minutes,
1182,9,2025-04-23 02:34:32,2.9km,13 minutes,
1183,1,2025-07-10 20:40:49,3.6km,23 minutes,
1184,14,2025-02-24 01:04:25,3.9km,18 minutes,
1185,14,2025-03-24 14:22:19,4.8km,15 minutes,
1186,2,2024-11-08 18:57:28,6.6km,38 minutes,
1187,7,2024-12-04 11:28:18,4.5km,20 minutes,
1188,2,2024-12-25 14:49:08,5.5km,33 minutes,
1189,13,2025-06-06 12:03:55,3.8,14 minutes,
1190,3,2024-11-10 08:45:47,2.2km,8 minutes,
1191,1,2025-04-06 20:18:56,5.5km,31 minutes,
1192,1,2025-03-22 20:27:48,2.7km,13 minutes,
1193,8,2025-01-24 08:11:47,4.6,19 minutes,
1194,15,2025-05-18 19:09:55,4.5km,21 minutes,
1195,4,2025-02-01 18:37:10,4.7km,24 minutes,
1196,4,2025-06-07 18:32:22,1.5km,9 minutes,
1197,3,2024-12-21 18:08:52,4.8km,23 minutes,
1198,4,2025-02-08 15:14:48,1.0 km,6 minutes,
1199,12,2024-12-07 05:05:25,4.6,15 minutes,
1200,10,2024-12-31 17:48:26,5.2km,14 minutes,
1201,15,2025-06-27 05:30:46,6.1km,28 minutes,
1202,13,2024-12-22 17:27:23,0.5km,6 minutes,
1203,2,2025-03-25 07:04:52,5.4km,20 minutes,
1204,14,2025-06-01 18:00:39,2.1 km,16 minutes,
1205,3,2025-01-31 08:43:03,2.4km,8 minutes,
1206,2,2024-11-05 12:30:26,4.9km,21 minutes,
1207,9,2025-01-16 17:51:00,2.8 km,15 minutes,
1208,7,2025-01-08 15:40:01,4.0km,15 minutes,
1209,12,2024-11-24 03:34:23,5.6km,22 minutes,
1210,13,2025-03-02 13:33:14,4.4km,23 minutes,
1211,1,2025-04-12 01:34:50,2.0km,6 minutes,
1212,9,2025-05-24 16:57:17,1.4km,12 minutes,
1213,7,2025-01-22 17:01:40,2.8km,13 minutes,
1214,13,2025-06-28 18:40:54,1.6km,16 minutes,
1215,9,2024-11-28 21:51:59,3.8km,16 minutes,
1216,1,,,,
1217,15,2024-11-30 20:00:17,5.1,17 minutes,
1218,1,2025-01-13 07:14:49,2.9km,17 minutes,
1219,10,2025-08-02 17:12:08,6.4km,30 minutes,
1220,5,2025-02-14 16:24:38,4.9km,22 minutes,
1221,15,2025-05-31 15:27:18,1.9km,10 minutes,
1222,9,2025-03-03 08:10:58,3.6km,22 minutes,
1223,9,2024-11-22 18:58:55,2.5km,7 minutes,
1224,1,2025-05-19 20:01:09,4.2km,17 minutes,
1225,7,2025-08-09 18:28:37,1.0km,10 minutes,
1226,10,2025-06-29 16:53:13,,22 minutes,custmer_no_sho
1227,13,2024-12-15 12:48:03,4.2km,20 minutes,
1228,11,2025-01-05 17:56:18,5.0km,20 minutes,
1229,7,2025-03-29 06:05:37,0.5km,7 minutes,
1230,7,2025-06-10 20:46:54,3.0km,16 minutes,
1231,8,2025-03-01 02:30:00,2.5km,14 minutes,
1232,7,2025-02-23 18:39:13,4.8km,19 minutes,
1233,9,2025-05-03 14:52:01,3.5km,10 minutes,
1234,14,2025-07-18 18:04:57,3.5km,15 minutes,
1235,7,2025-07-23 04:04:34,0.7km,6 minutes,
1236,11,2025-04-20 06:31:51,2.5,13 minutes,
1237,7,2025-05-07 14:10:59,5.3km,26 minutes,
1238,7,2025-02-16 20:14:10,3.1km,12 minutes,
1239,3,2025-07-11 20:58:28,4.2,26 minutes,
1240,5,2025-04-25 02:03:31,4.1km,29 minutes,
1241,11,2024-12-20 03:54:01,3.0km,16 minutes,
1242,4,2025-03-14 18:19:53,1.2,11 minutes,
1243,12,,,20 minutes,
1244,14,2025-08-01 19:44:43,,12 minutes,
1245,2,2025-01-20 03:57:52,3.3km,10 minutes,
1246,13,2025-01-26 15:44:19,1.6km,12 minutes,
1247,15,2025-05-11 13:17:16,3.7km,18 minutes,
1248,13,2025-06-21 19:43:48,0.5km,6 minutes,
1249,9,2025-05-28 11:52:41,3.5km,21 minutes,
1250,11,2025-05-22 07:21:24,1.6km,11 minutes,
1251,11,2025-05-10 17:23:10,4.9km,18 minutes,
1252,11,2025-06-19 21:56:44,4.1km,21 minutes,
1253,5,,,5 minutes,runner sick
1254,5,2025-05-05 14:29:53,2.6km,18 minutes,
1255,13,2025-07-10 20:44:42,1.6km,9 minutes,
1256,15,2024-11-29 09:40:00,2.4km,7 minutes,
1257,2,2025-06-19 12:42:17,0.5km,6 minutes,
1258,14,2024-12-11 20:00:17,2.4km,13 minutes,
1259,11,2025-02-08 15:45:39,4.7km,25 minutes,
1260,3,2025-07-04 22:45:06,3.5km,21 minutes,
1261,4,2025-03-12 18:39:12,6.3km,38 minutes,
1262,5,2025-05-31 05:18:51,3.9km,17 minutes,
1263,7,2025-02-19 16:09:27,4.4km,19 minutes,
1264,9,2025-08-02 16:15:24,1.0,6 minutes,
1265,3,2025-06-27 17:29:26,1.4km,6 minutes,
1266,14,2025-04-12 18:18:27,3.0,11 minutes,
1267,9,2025-02-19 18:52:51,2.7km,16 minutes,
1268,5,2025-06-11 09:22:25,0.5,6 minutes,
1269,8,2025-07-03 18:48:39,3.7km,13 minutes,
1270,4,2025-02-07 00:35:26,2.4km,13 minutes,
1271,13,2025-02-23 20:00:18,2.0km,9 minutes,
1272,12,2025-06-06 18:52:41,4.9km,27 minutes,
1273,14,2025-02-09 21:24:32,5.2km,21 minutes,
1274,1,2025-06-08 20:01:32,0.5km,6 minutes,
1275,11,,,,
1276,2,2025-03-04 17:07:29,1.2km,7 minutes,
1277,13,2025-05-13 00:26:13,,9 minutes,runner sick
1278,2,,,,address issue
1279,10,2025-02-10 20:01:10,3.0km,14 minutes,
1280,13,2024-11-07 10:00:44,6.9km,21 minutes,
1281,2,2025-01-17 09:13:30,3.7km,17 minutes,
1282,2,2025-05-16 20:41:59,,,customer no show
1283,9,2025-01-19 10:54:40,3.1km,18 minutes,
1284,1,2025-03-14 16:34:09,4.8 km,37 minutes,
1285,15,2025-04-01 19:24:05,3.8km,13 minutes,
1286,2,2025-01-25 16:41:43,3.6km,14 minutes,
1287,11,2025-03-27 02:30:45,4.3km,18 minutes,
1288,4,2025-05-23 02:22:37,5.0km,20 minutes,
1289,4,2025-05-10 03:42:57,4.3km,14 minutes,
1290,6,2025-02-07 18:13:56,,,
1291,10,2025-03-21 01:40:09,1.7km,11 minutes,
1292,15,2025-02-23 12:34:22,5.8km,37 minutes,
1293,4,2025-07-08 11:40:00,3.8km,14 minutes,
1294,10,2025-04-26 20:09:55,2.0km,14 minutes,
1295,5,2025-03-29 06:10:54,3.4km,14 minutes,
1296,15,2024-11-11 15:31:09,2.4km,10 minutes,
1297,14,2025-07-06 01:13:54,2.6,14 minutes,
1298,1,2024-12-28 08:30:08,2.2,7 minutes,
1299,10,2025-02-16 20:20:59,2.2 km,18 minutes,
1300,3,2025-04-02 18:40:50,4.7km,15 minutes,
1301,1,2024-12-22 10:03:04,4.1km,13 minutes,
1302,3,2025-03-21 18:56:59,1.3km,10 minutes,
1303,4,2025-04-05 18:18:49,3.5km,21 minutes,
1304,2,2025-07-20 00:27:58,4.1km,14 minutes,
1305,14,,3.7km,25 minutes,
1306,3,2025-02-24 21:19:40,1.1km,7 minutes,
1307,3,2025-04-05 22:37:38,3.2km,6 minutes,
1308,6,2025-06-07 20:33:11,4.8km,17 minutes,
1309,14,2025-03-21 17:12:01,2.6km,14 minutes,
1310,8,2025-01-24 19:26:25,3.1km,22 minutes,
1311,11,2025-06-12 12:50:34,1.3,6 minutes,
1312,13,2025-07-10 19:13:47,5.7km,15 minutes,
1313,11,2025-01-04 18:33:05,0.5km,6 minutes,
1314,13,2024-12-04 03:07:55,3.7km,22 minutes,
1315,3,2025-06-28 23:12:38,3.6km,22 minutes,
1316,14,,3.2km,,
1317,7,2025-06-07 02:33:18,2.4km,15 minutes,
1318,6,2025-02-27 20:38:26,4.3,19 minutes,
1319,14,2025-05-03 07:10:53,5.7km,31 minutes,
1320,3,2025-02-14 22:18:19,2.6km,11 minutes,
1321,6,2025-03-20 19:05:22,4.4km,18 minutes,
1322,10,2025-01-10 20:05:49,2.6km,15 minutes,
1323,14,2025-03-13 11:22:41,3.6km,15 minutes,
1324,14,2025-01-29 19:11:50,5.3km,17 minutes,
1325,10,2025-04-26 19:06:21,3.4km,10 minutes,
1326,6,2024-11-10 04:17:16,3.3km,21 minutes,
1327,3,2025-05-01 01:21:55,2.9km,12 minutes,
1328,1,2025-02-24 14:41:51,4.3km,11 minutes,
1329,3,2025-01-05 17:22:11,4.4km,17 minutes,
1330,14,2024-12-14 21:47:03,3.6km,12 minutes,
1331,1,2025-07-13 16:26:20,4.4km,15 minutes,
1332,3,2025-06-01 20:18:44,2.6km,15 minutes,
1333,10,2025-01-10 04:09:50,1.8km,7 minutes,
1334,15,2024-12-29 21:42:45,3.1km,11 minutes,
1335,1,2024-11-03 18:24:04,4.7,22 minutes,
1336,14,2024-12-12 20:04:41,1.7km,6 minutes,
1337,3,2024-11-07 18:35:44,0.6km,6 minutes,
1338,4,2025-02-12 20:38:19,4.2km,11 minutes,
1339,14,2025-07-17 05:22:03,2.4km,12 minutes,
1340,13,2024-12-29 16:13:08,1.7km,6 minutes,
1341,2,2024-11-26 18:55:24,5.1km,26 minutes,
1342,2,2025-01-17 02:07:51,3.3km,14 minutes,
1343,10,2025-08-08 19:52:53,0.5,9 minutes,
1344,14,2025-03-21 02:12:42,1.6km,6 minutes,
1345,2,,2.9km,,runner sick
1346,4,2025-04-30 20:05:22,1.7km,16 minutes,
1347,8,,,,order late
1348,4,2024-12-27 12:58:16,3.0km,12 minutes,
1349,8,2025-03-08 06:14:13,3.3,14 minutes,
1350,12,,,,
1351,10,2025-04-03 10:40:07,2.5km,13 minutes,
1352,15,2025-04-01 09:41:19,4.0km,18 minutes,
1353,1,2025-06-14 22:04:32,5.0km,25 minutes,
1354,2,2025-04-18 18:55:17,4.6 km,17 minutes,
1355,1,2025-06-13 03:04:59,5.3 km,16 minutes,
1356,8,,,5 minutes,
1357,13,2024-11-15 02:32:25,2.2km,13 minutes,
1358,1,2025-02-01 16:00:24,3.7km,15 minutes,
1359,7,2025-01-28 17:04:00,3.6km,11 minutes,
1360,15,2024-11-10 14:51:23,3.4km,20 minutes,
1361,12,2025-01-27 22:48:46,4.8km,17 minutes,
1362,6,,0.5km,,
1363,12,2025-06-08 16:38:43,5.9km,27 minutes,
1364,3,2025-05-15 07:09:51,1.5km,6 minutes,
1365,8,2025-06-02 19:48:22,2.8km,10 minutes,
1366,8,2024-12-22 20:07:31,5.0km,32 minutes,
1367,9,2024-12-23 19:29:22,1.7km,9 minutes,
1368,14,,,,address issue
1369,5,2025-08-09 11:12:08,6.1km,23 minutes,
1370,8,2025-03-11 14:46:59,4.4km,17 minutes,
1371,11,2025-04-18 15:03:38,2.8km,13 minutes,
1372,6,2025-07-09 20:02:19,2.3km,11 minutes,
1373,1,2025-04-19 20:39:01,6.8km,28 minutes,
1374,11,2025-04-23 00:35:57,2.4km,9 minutes,
1375,9,2024-11-09 00:08:10,3.6km,22 minutes,
1376,15,2025-02-04 13:52:11,,,
1377,10,2025-08-02 02:31:30,2.5km,10 minutes,
1378,2,2024-11-16 09:54:37,3.8km,18 minutes,
1379,6,2025-08-07 22:08:00,0.9km,6 minutes,
1380,4,2025-02-26 18:12:59,0.5km,6 minutes,
1381,2,2024-11-23 02:57:56,2.4km,13 minutes,
1382,8,2025-06-13 18:18:32,4.1km,18 minutes,
1383,7,2025-03-06 18:17:40,5.8km,25 minutes,
1384,4,2025-04-12 06:04:57,1.4km,8 minutes,
1385,7,2024-12-20 21:12:29,3.1km,16 minutes,
1386,12,2025-05-11 19:36:00,3.6,16 minutes,
1387,14,2024-11-27 20:53:22,4.1km,14 minutes,
1388,14,,,,
1389,14,2025-05-26 09:48:17,2.5km,15 minutes,
1390,8,2025-07-17 18:25:34,3.0km,17 minutes,
1391,3,2024-11-18 16:19:15,1.6km,12 minutes,
1392,14,2025-05-19 13:17:57,5.0,23 minutes,
1393,8,2025-04-01 20:55:54,3.1km,14 minutes,
1394,12,2025-03-07 19:39:23,4.8km,20 minutes,
1395,2,,,,address issue
1396,12,2025-08-11 08:45:23,5.8km,19 minutes,
1397,15,2025-03-09 08:27:37,4.5km,17 minutes,
1398,8,2025-07-16 20:06:44,5.4km,19 minutes,
1399,14,2025-05-23 14:58:55,5.2km,21 minutes,
1400,11,2024-12-31 22:23:05,4.7km,23 minutes,
1401,12,2025-04-10 16:44:09,3.3km,8 minutes,
1402,11,2025-05-16 06:21:09,5.2km,25 minutes,
1403,5,2025-01-27 11:28:44,5.0km,16 minutes,
1404,6,2025-02-28 16:21:05,1.8km,19 minutes,
1405,13,2025-07-25 21:32:51,2.2km,7 minutes,
1406,10,2025-07-05 18:43:40,2.7km,14 minutes,
1407,14,2025-07-12 19:40:39,5.4km,13 minutes,
1408,2,2025-06-09 17:34:05,4.1km,17 minutes,
1409,12,2025-02-20 08:10:34,3.6,20 minutes,
1410,14,2024-12-19 01:39:30,5.3km,23 minutes,
1411,8,2025-05-24 17:34:15,3.9km,14 minutes,
1412,5,2025-02-28 18:04:53,2.4km,21 minutes,
1413,15,2025-07-08 14:28:06,2.3km,20 minutes,
1414,9,2025-04-25 20:19:21,3.5km,15 minutes,
1415,4,2025-06-20 07:04:47,5.2km,19 minutes,
1416,7,2025-02-14 02:25:23,3.6km,13 minutes,
1417,11,2025-05-29 20:08:47,0.8km,6 minutes,
1418,15,2024-11-09 22:57:52,3.0km,15 minutes,
1419,2,2025-05-12 07:17:56,1.3km,12 minutes,
1420,12,2024-11-26 21:42:55,4.2km,17 minutes,
1421,2,2025-02-17 18:39:41,0.5km,7 minutes,
1422,12,2025-07-10 21:09:38,5.3km,10 minutes,
1423,8,2025-04-12 19:57:42,2.3km,9 minutes,
1424,13,2025-01-30 19:11:18,2.1km,14 minutes,
1425,11,2025-02-01 17:29:15,4.3 km,24 minutes,
1426,13,2025-07-29 09:55:20,1.9km,11 minutes,
1427,7,2025-06-14 20:29:30,1.8km,12 minutes,
1428,15,2024-11-21 01:27:35,4.0km,17 minutes,
1429,6,2025-01-05 07:31:00,2.8km,11 minutes,
1430,7,2025-07-26 15:44:29,3.1,8 minutes,
1431,12,2025-04-12 19:22:00,5.3km,22 minutes,
1432,11,2025-04-23 18:07:54,4.3km,18 minutes,
1433,11,2025-06-27 00:59:39,4.5km,15 minutes,
1434,1,2025-05-09 18:25:47,4.5km,14 minutes,
1435,9,2025-02-21 17:53:04,4.9km,16 minutes,
1436,15,2025-02-14 02:10:31,3.5km,20 minutes,
1437,13,2024-12-25 21:27:27,2.6km,16 minutes,
1438,7,2024-11-30 18:28:08,4.0km,16 minutes,
1439,12,2025-01-21 12:16:14,3.1km,15 minutes,
1440,8,2024-12-27 10:15:00,3.4km,19 minutes,
1441,3,2025-07-24 00:36:45,0.5km,8 minutes,
1442,1,2025-01-29 20:06:09,6.8km,24 minutes,
1443,2,2025-07-08 00:20:51,2.4km,13 minutes,
1444,10,2025-04-06 00:17:18,,,
1445,3,2025-01-07 17:16:43,4.4km,25 minutes,
1446,14,2025-06-28 15:39:05,4.1km,21 minutes,
1447,12,2024-12-16 21:46:44,1.5km,10 minutes,
1448,1,2024-12-25 15:40:44,3.7km,15 minutes,
1449,14,2025-05-30 07:32:32,3.7,16 minutes,
1450,8,2025-02-24 17:16:23,1.1km,8 minutes,
1451,12,2025-07-11 04:27:21,3.1km,14 minutes,
1452,14,2025-02-13 18:04:54,,18 minutes,runner sick
1453,3,2025-01-11 20:30:08,1.0km,13 minutes,
1454,9,2025-01-17 18:20:26,5.5km,32 minutes,
1455,11,2024-11-17 18:34:07,2.3km,10 minutes,
1456,5,,,,
1457,14,2024-11-24 21:41:46,4.2km,18 minutes,
1458,4,2025-07-02 18:08:20,7.3km,31 minutes,
1459,2,2025-05-27 05:12:05,3.0km,9 minutes,
1460,1,2024-11-24 20:30:51,1.2km,7 minutes,
1461,10,2025-06-14 20:00:26,3.4km,15 minutes,
1462,15,2025-02-18 18:10:56,1.2km,11 minutes,
1463,4,2025-05-30 19:37:54,1.5km,6 minutes,
1464,11,2024-11-07 16:33:25,1.9km,14 minutes,
1465,13,2025-06-25 18:21:57,4.6km,23 minutes,
1466,1,2025-05-01 18:26:31,3.9,29 minutes,
1467,5,2025-04-05 15:43:07,6.0 km,19 minutes,
1468,5,2025-03-22 19:54:15,4.8km,19 minutes,
1469,15,2025-05-15 21:12:05,6.0,18 minutes,
1470,11,2025-01-18 18:45:33,3.4km,16 minutes,
1471,7,2024-12-19 16:28:39,4.3km,12 minutes,
1472,4,,,,
1473,10,2025-03-07 03:28:09,5.4km,15 minutes,
1474,1,2025-06-06 21:16:10,2.8km,13 minutes,
1475,15,2025-02-06 20:10:33,4.8km,15 minutes,
1476,10,2025-07-05 19:53:01,2.4km,11 minutes,
1477,2,2025-05-13 21:08:50,2.3km,14 minutes,
1478,5,,,,
1479,9,2025-05-13 15:41:02,5.0km,23 minutes,
1480,14,2025-08-09 19:52:06,2.6km,13 minutes,
1481,8,,,25 minutes,customer no show
1482,10,2025-06-20 17:31:23,2.7km,16 minutes,
1483,14,2025-06-24 18:42:08,1.5km,6 minutes,
1484,12,2025-08-10 19:41:01,3.6km,9 minutes,
1485,13,2025-07-23 01:04:06,3.4km,13 minutes,
1486,13,2024-12-01 07:52:26,1.2,6 minutes,
1487,14,2024-12-08 16:15:58,5.8km,19 minutes,
1488,3,2025-04-25 20:16:05,1.7km,6 minutes,
1489,10,2025-03-11 16:41:54,2.0km,11 minutes,
1490,8,2025-01-07 18:09:54,4.6km,29 minutes,
1491,12,2024-11-13 07:36:44,2.8km,16 minutes,
1492,10,2025-05-01 09:15:17,4.3,18 minutes,
1493,10,2024-12-28 19:34:53,3.3km,16 minutes,
1494,10,2024-11-17 19:20:34,3.3 km,19 minutes,
1495,6,2025-08-08 18:43:48,4.6 km,17 minutes,
1496,14,2024-12-25 03:26:06,3.1km,14 minutes,
1497,7,2025-03-19 05:03:59,0.5km,6 minutes,
1498,2,2024-12-27 06:38:49,2.3km,15 minutes,
1499,14,2025-07-27 16:30:53,3.2km,24 minutes,
1500,15,2025-08-03 09:23:07,1.3km,10 minutes,
1501,10,2024-11-24 10:26:24,5.7km,24 minutes,
1502,3,2025-02-15 16:25:35,0.5km,9 minutes,
1503,5,2025-07-06 03:28:23,4.2km,18 minutes,
1504,6,2025-02-09 21:13:40,1.6,11 minutes,
1505,14,2025-06-07 12:50:18,0.7km,8 minutes,
1506,5,2025-07-12 21:04:40,2.5km,15 minutes,
1507,3,,,,
1508,8,2025-03-07 20:20:30,2.5km,14 minutes,
1509,2,2025-03-28 01:09:11,3.9 km,15 minutes,
1510,4,2025-03-10 17:09:40,5.7km,25 minutes,
1511,6,2025-01-13 19:57:07,6.8km,22 minutes,
1512,6,2024-11-07 06:23:42,3.1km,13 minutes,
1513,14,2025-01-07 11:28:27,3.2km,9 minutes,
1514,1,2025-02-23 19:41:18,5.5km,18 minutes,
1515,9,2025-04-08 12:30:28,4.1km,19 minutes,
1516,1,2025-04-18 19:06:46,1.0km,6 minutes,
1517,3,2025-05-31 19:04:31,2.8km,16 minutes,
1518,7,2025-07-17 08:21:09,1.5km,11 minutes,
1519,8,2024-11-24 22:27:48,3.6km,15 minutes,
1520,10,2024-12-13 19:52:18,4.7km,14 minutes,
1521,9,2025-05-19 03:02:58,2.0km,11 minutes,
1522,13,2025-05-31 18:25:43,5.5km,35 minutes,
1523,15,2025-07-11 07:14:13,2.4km,11 minutes,
1524,3,2025-07-11 22:23:41,2.3,8 minutes,
1525,2,2025-08-03 17:03:03,,,
1526,15,2024-12-02 20:08:52,1.9km,8 minutes,
1527,14,2025-08-08 03:14:15,4.2km,16 minutes,
1528,15,2025-07-17 19:26:44,4.1km,17 minutes,
1529,2,2025-02-13 18:00:55,2.1km,8 minutes,
1530,4,2024-11-26 16:05:53,3.5km,14 minutes,
1531,8,2025-04-25 18:38:25,2.4 km,12 minutes,
1532,11,2025-03-08 18:14:14,3.9km,13 minutes,
1533,1,2025-02-28 20:26:21,2.1,10 minutes,
1534,13,2025-01-28 18:28:26,6.3km,29 minutes,
1535,3,2024-11-10 02:05:46,2.5km,15 minutes,
1536,5,2025-05-26 19:21:08,4.9 km,15 minutes,
1537,2,2025-07-13 22:24:17,2.2,9 minutes,
1538,5,2025-02-27 12:02:52,2.9km,10 minutes,
1539,9,2025-03-08 09:06:14,4.5km,15 minutes,
1540,9,,,,address issue
1541,14,2025-05-24 17:23:02,3.7,13 minutes,
1542,5,2025-05-25 14:43:09,4.7km,15 minutes,
1543,15,2025-07-17 06:47:06,3.3,13 minutes,
1544,11,2025-01-18 21:23:23,1.7km,13 minutes,
1545,12,2025-02-27 04:51:21,2.2km,12 minutes,
1546,2,2025-03-15 18:35:51,2.6km,9 minutes,
1547,4,2025-04-05 21:12:31,6.9km,18 minutes,
1548,6,2025-02-02 16:23:35,2.8,6 minutes,
1549,5,2025-01-21 07:07:00,1.6km,9 minutes,
1550,10,2025-02-08 16:39:57,5.1km,16 minutes,
1551,5,2025-06-03 07:44:01,5.1km,29 minutes,
1552,15,2025-07-06 19:04:16,4.2km,13 minutes,
1553,7,2024-11-08 09:29:30,3.3km,18 minutes,
1554,8,2025-08-10 20:01:30,3.7km,18 minutes,
1555,10,2024-11-07 19:21:36,0.5km,7 minutes,
1556,15,2025-04-12 18:29:50,0.7km,6 minutes,
1557,12,2024-11-13 06:46:12,5.0km,11 minutes,
1558,12,2024-11-21 19:42:57,3.3,23 minutes,
1559,4,2025-07-26 13:40:31,6.1km,27 minutes,
1560,12,2025-07-29 06:12:29,6.6km,31 minutes,
1561,9,2025-04-23 20:14:43,6.6km,24 minutes,
1562,15,2025-05-20 18:53:36,1.7km,9 minutes,
1563,9,2025-07-19 01:16:41,4.7km,23 minutes,
1564,7,2025-08-08 20:04:41,,,
1565,13,2025-04-26 11:41:38,0.5km,10 minutes,
1566,10,2025-06-09 19:32:28,4.9km,31 minutes,
1567,1,2025-08-04 17:13:25,3.6 km,13 minutes,
1568,4,2024-12-13 19:30:17,2.3km,13 minutes,
1569,13,2025-03-03 11:16:50,2.2km,13 minutes,
1570,11,2025-08-10 16:19:54,0.7km,6 minutes,
1571,14,2024-11-08 16:22:59,6.6km,20 minutes,
1572,11,2025-02-22 04:49:07,5.1km,20 minutes,
1573,7,2025-02-01 17:22:33,4.5km,14 minutes,
1574,5,2025-07-20 05:03:59,3.0km,14 minutes,
1575,1,2025-02-28 19:56:02,4.5km,28 minutes,
1576,12,2025-06-05 00:53:07,5.2km,17 minutes,
1577,3,2025-04-01 22:21:42,,,
1578,5,2025-05-04 14:12:35,5.2km,17 minutes,
1579,10,2025-07-19 17:28:47,7.3km,30 minutes,
1580,7,2025-05-24 18:32:11,2.6km,10 minutes,
1581,5,2024-12-08 17:30:58,3.1km,8 minutes,
1582,14,2025-07-02 12:43:49,4.4km,17 minutes,
1583,7,2025-04-01 13:03:33,3.2km,13 minutes,
1584,15,2025-05-05 21:12:01,2.6km,8 minutes,
1585,7,2025-03-21 17:07:20,5.9km,36 minutes,
1586,5,2025-07-23 16:52:08,2.5km,9 minutes,
1587,3,2024-11-30 19:50:13,3.8km,21 minutes,
1588,2,,,,
1589,14,2025-08-14 19:59:21,3.4km,8 minutes,
1590,5,2025-07-17 20:48:17,5.0km,15 minutes,
1591,11,2025-05-22 21:30:05,5.9km,28 minutes,
1592,13,2024-12-15 18:52:18,2.5km,13 minutes,
1593,5,,,,
1594,8,2025-07-03 07:42:07,3.4km,7 minutes,
1595,1,2025-04-12 18:58:21,4.2km,22 minutes,
1596,12,2025-04-02 19:24:38,3.3 km,13 minutes,
1597,7,2024-11-16 13:58:55,3.5km,11 minutes,
1598,8,2024-11-29 06:55:21,5.8km,24 minutes,
1599,15,,,,runner sick
1600,2,2025-03-18 20:07:46,3.1km,13 minutes,
1601,8,2025-02-14 06:09:14,1.5,12 minutes,
1602,1,2025-06-26 16:59:09,5.3km,13 minutes,
1603,5,2024-11-16 15:28:14,0.5,6 minutes,
1604,6,2025-06-09 18:39:23,1.9km,8 minutes,
1605,5,2024-11-21 13:43:20,4.4km,20 minutes,
1606,12,2024-12-21 17:59:44,4.7km,17 minutes,
1607,11,2025-05-24 21:51:26,2.8km,12 minutes,
1608,13,2025-02-26 18:11:35,3.2km,22 minutes,
1609,9,2024-12-20 15:30:44,4.2km,22 minutes,
1610,8,2025-06-02 19:33:00,2.1km,9 minutes,
1611,9,2025-03-28 20:20:34,4.0km,17 minutes,
1612,14,2025-01-04 20:07:31,3.3km,16 minutes,
1613,10,2025-06-09 17:34:36,2.7km,12 minutes,
1614,9,2025-03-22 19:11:46,3.8km,16 minutes,
1615,14,2025-07-23 19:53:43,4.6km,19 minutes,
1616,1,2025-08-08 11:09:04,3.3km,14 minutes,
1617,11,2025-06-16 14:04:09,3.7km,22 minutes,
1618,8,2024-12-04 17:54:37,2.5km,11 minutes,
1619,8,2025-02-10 21:06:13,5.0km,18 minutes,
1620,12,2025-06-11 01:48:18,5.5km,29 minutes,
1621,3,2024-12-20 19:42:49,4.7km,13 minutes,
1622,13,2025-03-13 00:13:27,4.1km,18 minutes,
1623,6,2025-06-02 23:25:47,2.6km,11 minutes,
1624,5,2025-01-17 18:35:06,3.0km,15 minutes,
1625,11,2024-11-07 19:29:39,3.6 km,22 minutes,
1626,12,2024-12-23 23:47:47,5.2km,19 minutes,
1627,11,2025-08-09 18:12:42,7.6km,32 minutes,
1628,5,2024-12-05 18:23:20,4.0,11 minutes,
1629,14,2025-03-07 17:21:54,4.2km,15 minutes,
1630,10,2025-06-04 18:37:09,4.6km,11 minutes,
1631,7,2025-02-07 18:01:07,1.6km,10 minutes,
1632,4,2025-06-06 16:12:43,5.0km,16 minutes,
1633,2,2025-06-07 09:19:47,3.2km,20 minutes,
1634,8,2025-02-17 20:44:59,2.1,13 minutes,
1635,13,2025-04-29 18:01:30,3.6km,18 minutes,
1636,6,2025-02-21 11:21:33,0.5,6 minutes,
1637,6,2024-11-13 16:53:02,,,
1638,2,,,,
1639,10,,,33 minutes,customer no show
1640,6,2024-11-17 09:09:58,,,
1641,15,2024-11-15 13:25:30,0.8km,6 minutes,
1642,2,2025-05-11 17:37:14,2.4km,10 minutes,
1643,7,2025-04-12 02:51:35,3.0km,12 minutes,
1644,2,2025-06-17 21:53:22,5.2km,26 minutes,
1645,5,2025-02-06 05:04:39,0.5km,8 minutes,
1646,8,2025-08-07 18:25:30,6.4,29 minutes,
1647,10,2025-01-28 19:38:44,5.0km,36 minutes,
1648,9,,,,restaurant_cancelled
1649,11,2025-03-25 18:39:43,4.1km,17 minutes,
1650,1,2025-05-19 07:53:47,3.2km,14 minutes,
1651,9,2025-07-17 13:17:19,5.2km,14 minutes,
1652,9,2025-04-12 20:05:54,4.9km,15 minutes,
1653,4,2025-06-25 01:13:16,0.5km,9 minutes,
1654,7,2024-12-07 18:49:33,4.0km,20 minutes,
1655,5,,,16 minutes,customer no show
1656,3,2025-07-11 21:06:41,2.8km,7 minutes,
1657,15,2025-05-05 23:54:50,3.2 km,16 minutes,
1658,4,2025-05-17 23:42:56,3.1km,12 minutes,
1659,1,2025-01-31 09:49:37,2.2km,11 minutes,
1660,14,2024-12-28 00:16:03,2.8km,16 minutes,
1661,2,2025-02-15 15:42:32,3.2km,19 minutes,
1662,14,2025-05-31 13:23:49,6.5km,18 minutes,
1663,1,,,19 minutes,customer no show
1664,8,2025-07-05 09:01:49,2.7,16 minutes,
1665,14,2024-11-10 15:31:13,5.3km,25 minutes,
1666,10,2025-01-29 19:55:13,3.5km,10 minutes,
1667,10,2025-05-31 12:32:57,5.1km,20 minutes,
1668,4,2025-05-16 20:15:09,4.9km,19 minutes,
1669,14,2025-05-25 12:01:17,2.4km,15 minutes,
1670,12,2025-05-20 17:29:48,2.7km,6 minutes,
1671,7,2025-08-08 17:28:29,0.8,7 minutes,
1672,13,2024-12-14 20:45:25,3.1km,11 minutes,
1673,15,2024-11-05 18:04:44,6.8km,17 minutes,
1674,5,2025-01-23 05:51:54,3.4km,11 minutes,
1675,9,2025-05-12 11:44:12,4.1km,21 minutes,
1676,6,2025-07-06 20:00:44,4.0km,17 minutes,
1677,4,2024-11-09 05:06:27,2.0km,11 minutes,
1678,2,,,,runner_unavailable
1679,5,2025-06-02 17:37:55,0.9km,6 minutes,
1680,6,2025-07-05 05:17:44,2.7km,16 minutes,
1681,15,2025-04-07 14:45:55,4.4km,23 minutes,
1682,6,2024-11-01 19:11:29,4.9km,8 minutes,
1683,5,2025-07-22 19:20:03,3.9km,11 minutes,
1684,12,2025-06-14 04:49:22,3.0km,15 minutes,
1685,2,2024-11-19 21:01:11,3.3,11 minutes,
1686,7,2025-06-14 21:58:42,3.4km,18 minutes,
1687,12,2025-06-27 21:07:43,2.8km,17 minutes,
1688,6,2025-06-05 16:35:57,3.2,13 minutes,
1689,1,2025-01-04 19:33:24,5.3km,18 minutes,
1690,1,2025-08-04 13:25:16,1.5km,9 minutes,
1691,10,2025-07-23 09:34:52,3.8 km,21 minutes,
1692,7,2025-05-25 08:36:45,4.4km,18 minutes,
1693,4,2025-06-19 21:36:03,2.1km,8 minutes,
1694,4,2025-02-11 12:07:20,1.1km,13 minutes,
1695,10,2024-11-15 20:41:23,1.4km,8 minutes,
1696,5,,,,address issue
1697,3,2025-04-25 20:44:23,5.2 km,18 minutes,
1698,6,2025-06-18 21:48:20,3.6,13 minutes,
1699,11,2025-07-29 21:08:25,5.8km,38 minutes,
1700,4,2024-11-17 19:30:21,4.2km,22 minutes,
1701,14,2025-06-18 09:01:35,6.5km,25 minutes,
1702,14,2024-12-10 04:46:10,3.8km,13 minutes,
1703,10,2025-06-27 13:46:16,2.8km,15 minutes,
1704,9,2024-11-02 18:35:21,2.7km,6 minutes,
1705,5,2025-05-30 20:48:10,3.1km,12 minutes,
1706,6,2024-12-17 22:06:43,4.6km,22 minutes,
1707,8,2025-03-15 20:34:47,1.7 km,11 minutes,
1708,15,2025-05-31 09:22:41,4.1km,14 minutes,
1709,3,2025-04-08 18:57:17,3.2km,15 minutes,
1710,4,2024-12-27 20:23:29,0.5km,6 minutes,
1711,6,2025-05-24 20:53:56,3.5km,12 minutes,
1712,9,2025-06-13 15:48:37,7.8km,21 minutes,
1713,13,2025-06-29 00:09:40,2.4km,12 minutes,
1714,2,2025-04-08 23:58:55,6.4km,27 minutes,
1715,4,2025-02-09 18:41:05,4.0km,21 minutes,
1716,11,2025-04-10 14:43:17,1.6km,6 minutes,
1717,11,2024-12-20 17:07:40,3.6km,13 minutes,
1718,9,2024-12-21 17:41:52,2.2km,12 minutes,
1719,15,2025-03-29 17:59:48,2.6km,11 minutes,
1720,11,2025-07-14 21:33:00,2.3km,12 minutes,
1721,7,2025-03-10 08:44:17,4.1km,10 minutes,
1722,14,2025-05-03 01:54:41,2.6km,12 minutes,
1723,4,,,,customer no show
1724,12,2025-07-06 01:07:35,3.3km,19 minutes,
1725,9,,,11 minutes,address issue
1726,2,2025-03-16 19:39:26,5.9,45 minutes,
1727,11,2025-06-21 13:39:31,2.7km,19 minutes,
1728,12,2025-08-13 20:01:37,3.6km,,
1729,3,2025-06-14 19:37:56,2.4km,9 minutes,
1730,8,2025-04-05 16:14:23,6.8km,22 minutes,
1731,8,2025-01-27 16:23:08,3.3km,8 minutes,
1732,5,2025-01-17 20:41:52,4.4,24 minutes,
1733,12,2024-11-24 17:26:10,0.8km,14 minutes,
1734,12,2025-04-04 17:37:07,2.5km,15 minutes,
1735,12,2025-01-11 19:56:40,2.7km,14 minutes,
1736,9,2025-05-28 04:09:16,1.3km,8 minutes,
1737,3,2025-08-09 16:56:38,6.3km,27 minutes,
1738,11,2025-02-22 04:36:43,4.5km,18 minutes,
1739,12,2025-03-01 06:43:33,8.9km,53 minutes,
1740,9,2025-02-07 17:25:36,3.1km,23 minutes,
1741,5,2025-02-03 18:32:06,3.0 km,13 minutes,
1742,8,2025-01-25 02:12:31,3.2km,14 minutes,
1743,6,2024-11-19 21:07:53,1.4km,11 minutes,
1744,2,2025-08-01 17:25:53,0.8 km,8 minutes,
1745,10,2024-12-24 07:58:04,4.2km,16 minutes,
1746,5,2025-02-14 19:38:39,0.5km,6 minutes,
1747,13,2025-04-22 15:20:00,2.6km,10 minutes,
1748,8,2025-01-15 20:07:08,2.4km,11 minutes,
1749,1,2025-06-12 20:31:55,4.0km,29 minutes,
1750,10,2025-07-06 00:56:52,3.8km,6 minutes,
1751,9,,,,address issue
1752,4,2025-03-02 17:53:35,4.2km,17 minutes,
1753,5,2025-06-27 02:22:06,3.3,21 minutes,
1754,14,2025-07-09 18:53:46,5.2km,29 minutes,
1755,2,2024-12-26 18:33:17,4.7,15 minutes,
1756,14,2025-02-08 22:36:54,3.0 km,12 minutes,
1757,1,2025-04-25 20:24:33,1.7km,9 minutes,
1758,5,2025-04-05 19:46:56,4.9km,21 minutes,
1759,13,,,,
1760,2,2025-02-28 21:24:58,2.8,10 minutes,
1761,13,2024-11-16 09:28:56,2.5km,10 minutes,
1762,14,2024-11-15 18:17:42,4.8km,14 minutes,
1763,3,2025-01-21 14:34:04,4.3km,19 minutes,
1764,9,,,,
1765,1,2025-06-14 20:10:00,6.0km,17 minutes,
1766,6,2025-05-11 06:47:46,3.6km,12 minutes,
1767,9,,3.4km,,runner sick
1768,9,2025-05-20 17:45:13,4.3km,27 minutes,
1769,13,2025-03-07 18:49:28,2.0,16 minutes,
1770,7,2025-01-28 21:10:27,2.0km,17 minutes,
1771,7,2025-03-16 18:19:31,5.7,27 minutes,
1772,8,2025-03-24 04:01:20,4.5km,14 minutes,
1773,10,2025-02-12 06:22:57,4.8km,26 minutes,
1774,8,2025-06-07 19:03:31,2.6km,14 minutes,
1775,4,2025-05-22 17:40:58,2.9km,,
1776,3,,,,
1777,7,2025-03-15 02:49:01,2.9km,20 minutes,
1778,2,2025-01-12 12:06:39,3.9,23 minutes,
1779,9,2024-12-27 10:55:13,4.5km,22 minutes,
1780,12,2025-02-23 10:38:30,1.0km,12 minutes,
1781,10,2025-02-27 17:09:44,2.9,8 minutes,
1782,2,2025-03-24 21:51:36,2.6km,11 minutes,
1783,3,2025-03-11 22:20:52,,,address issue
1784,6,2025-01-24 04:09:21,4.6km,21 minutes,
1785,3,2025-02-15 19:16:22,3.2km,20 minutes,
1786,12,2025-05-10 06:09:27,4.0km,11 minutes,
1787,2,2025-05-09 02:56:26,4.8,10 minutes,
1788,14,2025-06-27 17:22:33,4.6km,22 minutes,
1789,1,2025-07-18 13:19:29,3.5km,14 minutes,
1790,6,2025-08-07 15:45:57,5.1,36 minutes,
1791,5,2025-01-03 03:16:53,3.9,21 minutes,
1792,12,2025-06-27 18:27:34,5.1 km,16 minutes,
1793,2,2025-03-01 22:00:32,6.3km,21 minutes,
1794,1,2025-04-24 13:20:56,,,
1795,12,2024-12-13 18:53:53,5.2km,24 minutes,
1796,8,2025-03-22 19:44:13,4.4km,16 minutes,
1797,2,2025-07-31 01:38:03,4.4km,15 minutes,
1798,10,2025-07-06 20:49:33,1.7km,14 minutes,
1799,13,2024-12-15 04:16:16,5.4km,22 minutes,
1800,8,2025-05-25 20:10:59,5.9,23 minutes,
1801,12,2025-02-21 04:25:51,2.3km,11 minutes,
1802,1,2025-04-18 07:25:59,4.9km,14 minutes,
1803,6,2024-11-08 12:23:45,5.0km,23 minutes,
1804,5,2024-12-11 18:39:15,4.2km,19 minutes,
1805,11,2025-02-09 18:57:55,2.1km,8 minutes,
1806,15,2025-06-15 16:55:22,2.9,10 minutes,
1807,1,,2.0km,28 minutes,
1808,4,2025-01-22 13:40:06,4.7km,20 minutes,
1809,9,2024-11-01 16:32:41,2.5km,14 minutes,
1810,7,2025-07-29 19:08:15,5.8km,22 minutes,
1811,11,2025-06-14 08:28:39,6.1,25 minutes,
1812,14,2025-02-10 19:33:22,1.8km,6 minutes,
1813,13,2024-11-04 19:38:56,2.0km,14 minutes,
1814,4,,,,order late
1815,3,2025-01-28 20:51:47,1.9km,14 minutes,
1816,12,2025-02-26 18:36:21,4.1km,22 minutes,
1817,5,2025-07-05 15:37:21,3.0,27 minutes,
1818,10,2024-11-17 21:08:44,2.9km,16 minutes,
1819,10,2025-08-02 12:47:46,2.3km,13 minutes,
1820,4,2025-05-18 18:27:11,1.9km,6 minutes,
1821,12,2025-04-18 16:31:50,2.8km,9 minutes,
1822,10,2025-08-10 20:00:45,5.4km,48 minutes,
1823,11,2025-02-16 19:53:52,1.1km,6 minutes,
1824,11,2025-08-07 03:20:59,4.1km,6 minutes,
1825,7,2025-06-29 18:47:20,0.9km,10 minutes,
1826,2,2025-01-11 19:05:18,2.9km,15 minutes,
1827,3,2025-01-30 21:05:15,3.9km,20 minutes,
1828,10,2025-04-24 22:04:41,4.9km,19 minutes,
1829,7,2025-04-22 05:07:42,,,
1830,9,2025-01-25 20:37:41,3.9km,16 minutes,
1831,14,2025-04-02 02:47:57,3.7km,8 minutes,
1832,3,2025-08-10 16:53:24,3.3km,13 minutes,
1833,12,2024-11-23 14:55:57,5.1km,26 minutes,
1834,12,2025-03-15 18:34:06,6.0,33 minutes,
1835,1,,,,custmer_no_sho
1836,12,2025-03-11 20:09:50,3.3 km,14 minutes,
1837,9,,,,runner_unavailable
1838,5,2025-07-05 21:12:31,1.7km,8 minutes,
1839,4,2025-03-09 15:17:55,4.4km,24 minutes,
1840,13,2025-02-04 19:03:06,0.8km,6 minutes,
1841,2,2025-06-23 18:42:53,2.4km,13 minutes,
1842,4,,,,
1843,5,2025-03-03 17:47:36,7.1,23 minutes,
1844,12,,4.3km,19 minutes,
1845,6,2025-07-01 21:20:52,1.8km,11 minutes,
1846,9,2025-05-15 14:12:45,2.1km,18 minutes,
1847,12,2025-04-24 18:08:02,4.6km,21 minutes,
1848,14,2025-03-11 10:09:32,2.4km,13 minutes,
1849,9,2025-02-02 20:04:17,2.7 km,17 minutes,
1850,5,,0.5km,,
1851,8,2024-11-30 17:40:06,4.0km,20 minutes,
1852,3,2025-01-09 19:34:15,2.0 km,13 minutes,
1853,2,2025-01-10 07:02:54,3.6km,11 minutes,
1854,15,2025-03-31 01:05:27,1.7km,13 minutes,
1855,2,2024-12-19 16:56:23,3.7,21 minutes,
1856,15,2025-03-09 12:16:05,1.6km,6 minutes,
1857,7,2025-04-24 10:07:32,1.9km,9 minutes,
1858,13,2025-05-04 04:02:54,2.4km,12 minutes,
1859,14,2025-05-31 17:18:51,5.6km,20 minutes,
1860,4,2025-05-29 15:38:51,2.5,10 minutes,
1861,10,2025-07-16 05:33:58,3.7,15 minutes,
1862,3,2025-02-04 20:04:20,2.5km,13 minutes,
1863,9,2024-12-22 10:11:10,2.8km,19 minutes,
1864,11,2025-05-04 10:18:59,3.1km,15 minutes,
1865,12,2025-05-03 18:50:07,6.5km,21 minutes,
1866,5,2025-08-14 21:09:11,3.1km,17 minutes,
1867,5,2025-04-12 19:26:27,4.1,13 minutes,
1868,6,2024-11-24 17:40:35,4.7km,22 minutes,
1869,14,2025-01-31 09:28:49,4.8km,21 minutes,
1870,13,,,,
1871,4,2025-03-30 17:09:23,5.2km,26 minutes,
1872,7,2025-05-17 17:19:48,8.2km,26 minutes,
1873,7,2024-11-08 19:52:32,3.9km,15 minutes,
1874,8,2025-05-01 17:43:43,6.0km,23 minutes,
1875,8,2025-01-23 19:39:57,2.7km,12 minutes,
1876,2,2025-02-15 19:31:01,0.8km,7 minutes,
1877,7,2025-03-13 01:11:17,5.0km,15 minutes,
1878,10,2025-02-17 18:39:42,1.2km,9 minutes,
1879,7,2024-11-10 17:27:09,4.2km,13 minutes,
1880,13,2025-01-05 11:51:32,3.0km,11 minutes,
1881,6,2025-04-20 13:23:54,1.8km,13 minutes,
1882,14,,,26 minutes,restaurant_cancelled
1883,4,2025-01-31 21:53:18,3.5km,11 minutes,
1884,2,2025-05-03 05:59:23,3.0km,11 minutes,
1885,4,2025-03-22 20:50:14,3.8km,19 minutes,
1886,12,2025-03-16 21:24:46,6.2km,32 minutes,
1887,4,2024-12-08 06:15:47,1.9km,9 minutes,
1888,15,2024-11-10 20:08:02,4.9km,19 minutes,
1889,2,2024-12-02 06:49:38,4.2km,24 minutes,
1890,2,2025-04-19 18:11:29,8.8km,33 minutes,
1891,3,2025-06-01 15:23:18,5.2,28 minutes,
1892,13,2025-02-03 19:29:31,2.0,7 minutes,
1893,14,2025-07-19 03:14:50,3.6km,13 minutes,
1894,8,2024-12-08 03:40:14,2.5km,25 minutes,
1895,7,2024-11-03 12:32:30,3.4,15 minutes,
1896,15,2025-07-26 17:43:23,0.5km,9 minutes,
1897,6,2025-08-12 08:46:50,3.0,12 minutes,
1898,13,,,,customer no show
1899,13,2025-03-23 03:36:12,3.1km,11 minutes,
1900,14,2025-01-20 21:04:30,8.5km,36 minutes,
1901,15,2025-04-09 20:29:53,2.8,10 minutes,
1902,3,2025-01-13 18:00:31,3.3,10 minutes,
1903,14,2025-01-11 16:50:16,4.9km,20 minutes,
1904,6,2025-01-31 16:42:02,5.7km,18 minutes,
1905,12,2025-03-23 18:29:45,2.6 km,13 minutes,
1906,6,2025-08-02 05:10:28,4.4km,18 minutes,
1907,10,2025-02-15 14:04:56,1.5km,12 minutes,
1908,13,2025-02-14 05:28:52,3.2km,23 minutes,
1909,3,2025-01-27 22:15:20,2.4km,13 minutes,
1910,13,2025-03-11 19:29:16,7.6km,31 minutes,
1911,13,2024-12-18 16:34:09,6.1km,28 minutes,
1912,5,2025-01-05 17:23:28,2.9km,15 minutes,
1913,11,2024-11-01 14:48:31,3.2km,16 minutes,
1914,5,2025-06-04 13:33:01,4.0km,15 minutes,
1915,5,2024-11-23 19:18:33,3.5km,14 minutes,
1916,6,2025-06-30 02:25:30,2.4km,11 minutes,
1917,3,2025-05-06 10:36:28,2.5km,16 minutes,
1918,7,2025-05-10 03:34:48,5.3,15 minutes,
1919,3,2025-03-01 19:42:49,6.0km,26 minutes,
1920,15,2024-12-06 19:36:34,2.3km,15 minutes,
1921,11,2025-03-10 00:12:27,4.7,19 minutes,
1922,14,2024-11-25 06:44:54,1.1km,10 minutes,
1923,5,2024-12-18 06:27:39,3.2km,10 minutes,
1924,3,2025-05-10 14:43:04,2.1km,13 minutes,
1925,13,2025-05-23 14:12:23,5.0km,22 minutes,
1926,8,2025-03-25 09:34:06,4.2km,17 minutes,
1927,1,,,,
1928,12,2024-12-20 04:27:55,6.3km,19 minutes,
1929,3,2025-07-02 19:48:17,4.4km,18 minutes,
1930,14,2025-06-15 19:50:56,3.3km,16 minutes,
1931,6,,,,
1932,7,2025-07-02 17:03:23,,32 minutes,runner_unavailable
1933,1,2025-05-01 23:32:19,3.9km,20 minutes,
1934,2,2025-08-01 17:54:48,0.8km,7 minutes,
1935,9,2025-05-16 21:39:34,7.6km,26 minutes,
1936,11,2025-02-14 18:54:40,1.7km,6 minutes,
1937,9,2024-11-14 14:33:15,3.7km,33 minutes,
1938,13,2025-02-19 22:48:03,2.3km,14 minutes,
1939,4,2025-02-24 09:25:30,6.4km,29 minutes,
1940,15,2025-05-30 19:29:39,1.8km,8 minutes,
1941,15,2025-01-27 19:35:25,3.4km,24 minutes,
1942,6,2025-02-27 12:16:47,2.7km,20 minutes,
1943,4,2025-03-15 19:01:40,6.5km,36 minutes,
1944,3,2025-02-26 21:06:56,4.6km,18 minutes,
1945,1,2025-07-22 19:05:45,4.4km,18 minutes,
1946,7,2025-07-17 15:36:45,5.6km,23 minutes,
1947,14,2024-12-28 04:37:07,0.5km,6 minutes,
1948,5,,,24 minutes,address issue
1949,8,2025-06-29 17:49:13,4.1km,21 minutes,
1950,10,2025-06-27 17:54:52,3.7,17 minutes,
1951,9,2025-04-30 21:20:24,2.8km,11 minutes,
1952,7,2024-12-27 20:36:47,0.5 km,6 minutes,
1953,3,2025-02-05 09:21:05,6.5km,28 minutes,
1954,5,2024-12-20 22:01:53,5.1km,21 minutes,
1955,11,2024-11-22 08:01:35,3.5km,,order late
1956,10,2025-08-12 19:00:03,7.5km,47 minutes,
1957,8,2025-04-19 18:17:20,6.4 km,17 minutes,
1958,8,2025-01-02 21:31:55,5.3km,18 minutes,
1959,12,2025-07-07 00:30:54,7.7km,33 minutes,
1960,2,2025-03-15 19:12:01,8.1km,23 minutes,
1961,13,2024-11-22 00:54:21,2.5km,9 minutes,
1962,3,2024-11-01 04:18:33,5.0km,23 minutes,
1963,4,2025-03-21 10:00:09,0.5km,7 minutes,
1964,9,2025-02-21 09:15:26,6.6km,28 minutes,
1965,15,2025-06-28 01:41:56,6.8km,32 minutes,
1966,9,2024-12-15 17:42:16,0.8km,6 minutes,
1967,8,2025-03-07 20:31:55,6.3,22 minutes,
1968,8,2025-04-24 09:30:36,3.8km,23 minutes,
1969,6,2025-07-31 00:18:01,7.5km,24 minutes,
1970,2,2025-07-05 19:02:48,3.4km,19 minutes,
1971,2,2025-06-27 21:03:01,5.5km,,
1972,12,2025-02-01 18:13:24,2.3km,13 minutes,
1973,5,2024-12-28 09:59:57,6.7km,27 minutes,
1974,10,,,,custmer_no_sho
1975,6,2025-01-23 18:22:04,4.0km,15 minutes,
1976,11,2024-11-11 17:52:28,3.5km,11 minutes,
1977,15,2025-06-22 21:15:58,5.8,32 minutes,
1978,7,2025-01-13 20:16:13,5.6km,27 minutes,
1979,6,,,,customer no show
1980,2,2025-07-03 02:08:03,5.9km,24 minutes,
1981,11,2025-06-15 17:43:14,5.4 km,21 minutes,
1982,5,2024-12-18 17:58:07,3.6km,9 minutes,
1983,9,2024-11-27 22:03:34,1.1km,9 minutes,
1984,7,,,,
1985,14,2025-07-30 05:53:26,3.1km,12 minutes,
1986,14,2025-02-16 15:35:33,5.4km,18 minutes,
1987,3,2025-04-05 04:10:47,2.3km,17 minutes,
1988,11,2025-07-23 09:11:44,4.9,24 minutes,
1989,1,,,,order late
1990,12,2025-05-12 22:57:43,5.5km,22 minutes,
1991,3,2025-02-02 19:45:46,4.9km,14 minutes,
1992,3,2024-12-08 14:06:01,4.7km,18 minutes,
1993,1,2024-12-20 05:33:17,4.6km,15 minutes,
1994,1,2025-05-04 15:37:50,4.3km,16 minutes,
1995,14,2025-07-12 18:44:48,5.9km,21 minutes,
1996,10,2025-06-26 19:43:40,3.3km,13 minutes,
1997,12,2024-12-08 17:36:56,2.3km,17 minutes,
1998,8,2025-03-30 21:03:44,3.2km,16 minutes,
1999,2,2025-01-09 17:49:36,3.9km,18 minutes,
2000,1,2025-03-16 19:30:58,3.4km,10 minutes,
2001,8,2025-01-11 15:45:10,4.6,20 minutes,
2002,4,2025-01-10 23:23:56,3.6,20 minutes,
2003,9,2025-01-21 20:20:56,1.6km,9 minutes,
2004,3,2025-01-03 20:39:58,3.9km,17 minutes,
2005,6,2025-02-06 20:55:35,1.8km,6 minutes,
2006,6,2025-04-24 19:59:24,3.5km,22 minutes,
2007,5,2025-06-11 18:04:52,4.9km,16 minutes,
2008,9,2025-01-03 19:40:04,0.6km,6 minutes,
2009,11,2025-05-17 16:04:05,3.2km,16 minutes,
2010,9,,,,
2011,1,2025-03-07 18:36:22,5.5km,28 minutes,
2012,3,2025-05-04 18:59:28,3.4 km,19 minutes,
2013,7,2025-07-10 19:40:33,3.0km,18 minutes,
2014,4,2025-01-09 17:50:44,0.9km,6 minutes,
2015,11,2025-07-26 19:09:21,2.5km,15 minutes,
2016,9,,,,
2017,9,2025-07-29 18:15:57,5.4km,21 minutes,
2018,2,2024-12-06 17:35:11,2.1km,10 minutes,
2019,3,2024-12-24 18:21:03,1.9km,12 minutes,
2020,12,2025-03-16 21:53:29,3.2 km,21 minutes,
2021,12,2024-12-06 21:13:30,4.8km,20 minutes,
2022,11,2025-03-25 20:36:57,3.8km,14 minutes,
2023,14,2024-11-28 19:58:35,4.0km,18 minutes,
2024,6,2025-03-10 10:14:44,0.7,6 minutes,
2025,9,2025-05-31 19:16:38,3.3km,19 minutes,
2026,5,2024-12-08 01:34:53,1.5km,9 minutes,
2027,15,2025-01-18 16:02:31,2.0km,8 minutes,
2028,6,2025-08-14 19:04:00,4.3km,15 minutes,
2029,1,2025-01-04 20:05:03,3.7km,19 minutes,
2030,14,2024-11-09 19:02:16,3.5km,13 minutes,
2031,12,2024-12-14 21:41:46,3.7km,17 minutes,
2032,15,2025-03-09 19:15:31,2.2km,12 minutes,
2033,1,2024-11-12 19:52:04,3.1km,14 minutes,
2034,12,2024-11-28 20:17:08,5.5km,26 minutes,
2035,4,2025-04-13 18:46:18,4.5km,14 minutes,
2036,8,2025-04-05 11:38:55,5.7km,27 minutes,
2037,14,2025-03-07 18:26:20,3.7km,19 minutes,
2038,6,2025-08-02 18:28:12,2.5km,11 minutes,
2039,13,2025-03-21 21:18:36,3.8km,22 minutes,
2040,15,2025-01-31 17:49:54,3.4km,21 minutes,
2041,2,2025-03-05 19:38:57,5.2km,24 minutes,
2042,5,2024-12-21 04:53:04,5.9km,20 minutes,
2043,8,2025-05-02 20:08:11,6.0km,20 minutes,
2044,6,2025-03-01 19:32:03,3.0km,13 minutes,
2045,6,2025-05-30 19:22:54,2.5,11 minutes,
2046,3,2025-02-16 19:13:02,0.5km,6 minutes,
2047,4,2025-02-07 19:41:22,2.0km,16 minutes,
2048,6,2025-04-10 18:08:12,5.3km,20 minutes,
2049,5,2025-01-03 10:46:43,0.8,6 minutes,
2050,5,2025-01-28 17:39:46,5.9km,18 minutes,
2051,11,2025-06-04 10:11:29,3.5,14 minutes,
2052,15,2025-03-10 22:15:26,7.4km,27 minutes,
2053,4,2024-11-16 14:53:51,4.9km,20 minutes,
2054,1,2025-07-31 21:05:35,2.7,11 minutes,
2055,15,2025-01-31 17:45:22,1.8km,10 minutes,
2056,12,2025-03-13 09:06:37,3.7km,20 minutes,
2057,4,2025-05-25 22:00:08,0.5km,6 minutes,
2058,3,2025-01-18 07:15:40,3.9km,14 minutes,
2059,4,2024-12-28 19:03:36,4.5km,18 minutes,
2060,10,2025-07-19 06:43:00,4.3km,36 minutes,
2061,9,2025-02-09 16:01:25,4.2km,22 minutes,
2062,5,2025-06-01 11:57:47,3.8km,12 minutes,
2063,1,2024-11-10 22:44:14,1.9km,7 minutes,
2064,3,2025-05-24 16:38:46,3.9km,10 minutes,
2065,12,2025-07-29 10:25:09,6.6km,24 minutes,
2066,7,2025-04-18 04:10:39,1.0km,6 minutes,
2067,15,2025-01-25 20:28:41,2.3km,15 minutes,
2068,8,2025-03-01 04:47:00,1.5km,14 minutes,
2069,8,2025-08-07 05:07:40,3.1km,15 minutes,
2070,6,2025-01-25 02:04:18,2.6km,9 minutes,
2071,5,2025-06-15 18:15:31,3.9km,14 minutes,
2072,14,2025-08-01 15:27:15,3.4km,13 minutes,
2073,6,2025-07-05 19:26:15,1.9km,10 minutes,
2074,7,2025-04-05 17:51:08,3.6km,19 minutes,
2075,8,2024-12-27 18:16:21,3.4km,19 minutes,
2076,7,2025-06-21 16:27:27,3.4km,11 minutes,
2077,2,2025-03-10 20:36:03,0.8,6 minutes,
2078,3,2025-02-21 16:39:32,3.5,13 minutes,
2079,5,2025-01-04 06:48:13,5.3km,23 minutes,
2080,3,2024-12-10 11:52:13,0.5km,11 minutes,
2081,8,2024-12-05 10:16:09,7.3km,19 minutes,
2082,8,2025-08-05 17:56:45,4.4km,15 minutes,
2083,6,2025-06-11 20:46:57,4.2km,21 minutes,
2084,15,2024-12-08 06:51:15,1.9km,11 minutes,
2085,8,2024-12-31 18:04:55,2.9km,18 minutes,
2086,5,2025-04-26 19:09:29,2.0,10 minutes,
2087,2,2025-02-03 03:02:00,1.9,8 minutes,
2088,1,2025-08-06 16:59:07,3.7km,12 minutes,
2089,1,2024-12-26 17:14:14,6.4km,21 minutes,
2090,11,2025-04-10 09:17:04,4.2km,17 minutes,
2091,9,2025-07-30 17:58:02,4.7,13 minutes,
2092,6,2024-12-20 00:17:55,2.1km,14 minutes,
2093,13,2025-07-31 16:23:17,0.5km,6 minutes,
2094,3,2025-02-16 20:20:10,5.4km,15 minutes,
2095,12,2025-08-10 19:41:10,2.8km,12 minutes,
2096,9,2025-06-26 22:01:40,7.1km,29 minutes,
2097,14,2025-03-08 22:06:28,0.5km,6 minutes,
2098,2,2025-07-05 23:17:41,3.8km,17 minutes,
2099,12,2024-11-26 00:27:17,0.6km,6 minutes,
2100,15,2025-06-12 19:42:25,5.7km,30 minutes,
2101,1,2024-11-27 19:21:45,1.6km,10 minutes,
2102,5,2025-01-15 19:41:45,1.5km,6 minutes,
2103,1,2025-05-21 13:10:27,3.0km,12 minutes,
2104,2,2025-07-13 09:28:12,6.0km,25 minutes,
2105,7,2025-06-25 19:23:00,5.9km,20 minutes,
2106,15,2025-06-21 16:47:14,3.5km,14 minutes,
2107,11,2025-08-11 21:51:52,6.1km,49 minutes,
2108,6,2025-04-12 16:39:58,3.9 km,12 minutes,
2109,13,2025-02-24 02:25:13,3.8km,15 minutes,
2110,1,2025-04-19 18:16:56,5.1km,18 minutes,
2111,14,2024-12-03 20:12:24,4.4km,17 minutes,
2112,14,2025-07-12 03:59:16,5.3km,23 minutes,
2113,12,2025-02-25 06:04:18,5.5km,28 minutes,
2114,5,2025-06-28 04:52:13,3.3km,25 minutes,
2115,7,2025-04-18 06:30:31,3.4km,14 minutes,
2116,7,2025-07-18 07:35:26,,27 minutes,
2117,10,2024-11-16 17:28:33,0.7km,6 minutes,
2118,15,2025-05-20 17:05:59,2.3km,8 minutes,
2119,4,2025-06-22 05:09:13,6.6km,28 minutes,
2120,10,2024-11-03 21:11:50,4.3km,12 minutes,
2121,12,2025-01-16 17:05:21,5.5km,22 minutes,
2122,13,2024-12-07 16:53:54,7.2,34 minutes,
2123,1,2025-06-14 22:48:45,2.2km,15 minutes,
2124,3,2025-06-27 17:04:55,3.1km,15 minutes,
2125,12,2024-12-22 19:38:42,1.8km,7 minutes,
2126,9,2025-01-05 22:09:05,4.1 km,21 minutes,
2127,11,2025-08-10 18:47:35,2.2km,13 minutes,
2128,4,,,,
2129,11,,1.7km,,runner_unavailable
2130,15,2024-12-27 20:04:14,2.9km,18 minutes,
2131,13,2025-04-03 00:20:25,4.1km,17 minutes,
2132,8,2025-04-21 19:34:13,2.5km,13 minutes,
2133,13,2025-04-23 19:16:09,3.1km,15 minutes,
2134,2,2025-01-01 03:14:32,3.1km,15 minutes,
2135,9,,,,order late
2136,9,2025-03-27 20:39:57,3.1km,14 minutes,
2137,8,2025-01-05 08:30:17,3.7km,19 minutes,
2138,11,2024-11-29 16:27:19,0.5km,6 minutes,
2139,3,2025-04-21 16:01:54,3.5km,11 minutes,
2140,2,2025-04-19 06:26:24,3.5km,13 minutes,
2141,5,,,20 minutes,
2142,5,2025-08-02 12:54:52,3.3km,19 minutes,
2143,10,2025-07-06 19:30:47,4.6km,27 minutes,
2144,11,2025-07-30 07:48:10,4.3km,16 minutes,
2145,2,2025-02-08 04:57:52,4.8km,26 minutes,
2146,14,2025-04-02 19:22:53,4.6km,19 minutes,
2147,15,2025-06-15 18:15:19,6.4km,31 minutes,
2148,3,2024-11-22 21:33:52,1.8km,6 minutes,
2149,9,2024-11-07 15:53:26,2.5km,14 minutes,
2150,11,2024-12-08 00:35:11,6.8km,34 minutes,
2151,4,2025-03-09 21:19:35,1.5km,6 minutes,
2152,8,2025-08-05 12:41:45,3.7km,7 minutes,
2153,9,2025-01-12 21:13:34,,,custmer_no_sho
2154,11,2025-02-05 04:36:49,6.1km,45 minutes,
2155,6,2025-01-03 00:00:50,4.3km,13 minutes,
2156,14,2025-08-02 15:35:54,2.3km,8 minutes,
2157,10,2025-02-07 18:08:53,4.0km,21 minutes,
2158,9,2025-03-28 18:41:37,0.7km,6 minutes,
2159,14,2025-04-27 20:50:06,2.9km,17 minutes,
2160,13,2025-03-10 06:20:10,3.2km,18 minutes,
2161,3,2025-02-13 16:11:43,4.5km,16 minutes,
2162,8,2025-04-18 16:52:53,1.6km,13 minutes,
2163,11,2024-11-28 00:17:30,2.4,8 minutes,
2164,15,,,,address issue
2165,1,2025-08-09 12:14:28,5.5km,25 minutes,
2166,7,2025-03-02 17:03:15,3.6 km,16 minutes,
2167,1,2025-02-24 17:32:24,3.9km,22 minutes,
2168,12,2024-11-29 03:58:10,3.7km,22 minutes,
2169,2,2025-03-29 17:24:25,2.6km,19 minutes,
2170,7,2025-06-07 19:54:53,3.6km,15 minutes,
2171,12,2025-07-03 10:55:07,3.5,21 minutes,
2172,9,2025-06-07 13:09:45,1.0km,9 minutes,
2173,1,2025-03-16 18:19:40,6.2km,26 minutes,
2174,9,2024-11-28 21:04:24,3.1km,11 minutes,
2175,10,2025-04-14 19:23:11,1.8km,9 minutes,
2176,8,2025-06-01 06:35:57,5.5km,18 minutes,
2177,4,2025-03-08 18:32:01,1.6km,8 minutes,
2178,13,,,,
2179,1,2025-08-02 19:43:09,2.7km,16 minutes,
2180,3,2024-12-27 13:38:55,1.4,6 minutes,
2181,14,2024-12-14 22:10:19,3.9km,14 minutes,
2182,1,2024-12-29 21:41:56,2.3km,13 minutes,
2183,1,2025-06-04 09:45:39,1.8km,12 minutes,
2184,2,2025-07-30 19:35:21,1.9,7 minutes,
2185,14,2025-02-19 15:19:15,5.7km,30 minutes,
2186,13,2025-02-07 20:58:29,3.1km,21 minutes,
2187,2,2025-01-08 18:21:06,4.9km,23 minutes,
2188,8,2025-08-11 19:32:31,4.0km,17 minutes,
2189,2,2025-04-01 06:05:06,3.3km,14 minutes,
2190,9,2025-04-29 19:51:21,4.5 km,15 minutes,
2191,1,2025-07-06 20:34:57,3.1km,14 minutes,
2192,9,2025-03-23 20:55:26,2.5 km,16 minutes,
2193,1,2025-02-26 13:15:29,5.0km,21 minutes,
2194,12,2025-06-14 15:31:15,4.4km,26 minutes,
2195,15,2025-06-12 18:54:03,0.6km,10 minutes,
2196,6,2025-06-23 21:21:16,3.2km,19 minutes,
2197,6,2024-11-08 19:23:54,5.9km,24 minutes,
2198,13,2025-03-26 00:21:41,3.5 km,17 minutes,
2199,2,2025-07-26 15:10:36,3.1,12 minutes,
2200,6,2025-02-07 20:32:49,1.9km,11 minutes,
2201,8,2025-07-17 18:44:59,1.0km,9 minutes,
2202,6,2024-11-05 18:34:28,1.1km,14 minutes,
2203,8,2024-12-14 20:09:12,5.2,21 minutes,
2204,7,2025-05-10 20:13:56,2.3km,13 minutes,
2205,14,2025-07-22 19:54:49,3.4km,18 minutes,
2206,2,2025-04-28 18:20:25,2.7km,12 minutes,
2207,7,2025-06-13 16:04:52,2.6km,13 minutes,
2208,4,2025-02-20 22:35:47,4.2km,17 minutes,
2209,9,,0.6km,,address issue
2210,10,2025-01-27 17:29:01,4.4km,15 minutes,
2211,6,2024-11-02 17:15:05,3.3,14 minutes,
2212,3,2025-04-20 00:14:12,2.1km,10 minutes,
2213,13,2025-02-28 18:57:06,6.2 km,26 minutes,
2214,5,2025-04-20 17:38:37,6.0km,22 minutes,
2215,10,2025-06-20 09:19:35,4.0km,13 minutes,
2216,2,2025-06-09 08:00:29,1.6km,11 minutes,
2217,12,2024-12-14 18:26:43,4.0km,16 minutes,
2218,8,2025-05-01 20:25:37,2.9,12 minutes,
2219,1,2025-07-02 21:29:03,4.6km,29 minutes,
2220,4,2025-01-03 19:58:29,5.5 km,27 minutes,
2221,11,2025-01-06 18:47:57,0.5km,8 minutes,
2222,5,2025-02-11 21:13:15,4.0km,16 minutes,
2223,9,2025-01-22 19:47:27,4.7,16 minutes,
2224,15,2024-12-07 18:56:51,5.5km,25 minutes,
2225,12,2025-06-01 06:33:28,1.6km,6 minutes,
2226,11,2025-04-12 11:54:39,0.6km,6 minutes,
2227,14,2025-06-27 15:20:56,0.5km,6 minutes,
2228,13,2025-05-06 18:34:46,4.0km,18 minutes,
2229,4,2025-04-17 21:12:11,2.9km,12 minutes,
2230,14,2025-01-22 00:33:08,4.9km,22 minutes,
2231,13,2025-04-27 18:14:13,3.5km,15 minutes,
2232,8,2024-11-26 20:18:31,5.3km,,custmer_no_sho
2233,4,2024-11-03 00:04:57,5.7km,23 minutes,
2234,10,2025-05-04 11:42:39,2.3km,10 minutes,
2235,7,2025-05-16 19:15:00,3.6km,16 minutes,
2236,8,2025-01-18 19:14:52,2.7km,17 minutes,
2237,13,2024-11-11 23:37:51,4.2km,26 minutes,
2238,3,2025-05-02 03:52:52,0.5km,6 minutes,
2239,12,2025-06-13 15:05:40,3.6,17 minutes,
2240,7,,,22 minutes,custmer_no_sho
2241,12,2024-12-26 13:39:52,3.1,16 minutes,
2242,2,2025-05-17 19:56:37,4.1km,15 minutes,
2243,8,2025-03-20 14:58:45,0.5km,6 minutes,
2244,12,2024-11-09 13:56:52,1.4,11 minutes,
2245,1,2024-11-22 23:35:11,5.5km,20 minutes,
2246,3,2025-05-24 17:08:11,1.0km,9 minutes,
2247,13,2025-05-13 22:10:32,2.4,7 minutes,
2248,5,2025-03-25 02:33:35,2.1km,8 minutes,
2249,9,2024-11-28 06:59:43,2.3km,16 minutes,
2250,1,2025-02-22 20:13:43,3.8km,14 minutes,
2251,7,2025-06-07 19:32:58,5.2km,25 minutes,
2252,8,2025-05-11 10:30:43,5.0km,9 minutes,
2253,6,2025-01-20 02:17:34,2.1km,7 minutes,
2254,14,2025-05-29 20:43:27,4.4,29 minutes,
2255,3,2025-04-13 06:46:08,4.8km,22 minutes,
2256,11,2025-08-14 17:27:39,2.9km,16 minutes,
2257,13,2025-06-15 20:42:06,1.5km,11 minutes,
2258,4,2025-03-27 20:00:06,3.6km,16 minutes,
2259,14,2024-12-07 00:33:53,4.3km,21 minutes,
2260,5,2025-02-15 18:14:07,4.1,24 minutes,
2261,5,2025-05-30 18:47:42,3.8km,15 minutes,
2262,3,2025-07-07 14:43:29,7.3km,25 minutes,
2263,4,2025-08-03 17:19:31,4.7km,30 minutes,
2264,9,2025-04-19 09:48:42,2.7km,6 minutes,
2265,13,2025-07-30 18:26:12,1.9km,16 minutes,
2266,15,2025-05-12 00:19:04,4.2km,14 minutes,
2267,3,2024-12-07 17:01:32,3.2km,18 minutes,
2268,11,2024-11-29 19:13:01,6.1km,32 minutes,
2269,3,2025-02-08 21:31:25,8.9km,38 minutes,
2270,3,2025-01-07 10:31:35,5.5km,26 minutes,
2271,6,2025-04-09 16:38:30,4.7km,19 minutes,
2272,12,2025-02-06 22:31:38,4.3km,19 minutes,
2273,5,2025-02-09 18:52:42,4.4km,25 minutes,
2274,13,2024-11-29 01:36:57,4.4km,22 minutes,
2275,8,2024-11-13 21:30:21,2.7km,14 minutes,
2276,3,2025-01-12 19:19:50,1.9,14 minutes,
2277,15,2025-08-01 08:55:07,4.6km,19 minutes,
2278,14,,,,
2279,5,2025-02-15 00:51:15,0.5km,9 minutes,
2280,2,2025-06-06 20:32:58,2.6km,17 minutes,
2281,13,2025-04-03 04:44:09,3.5km,17 minutes,
2282,14,2025-07-17 16:32:16,4.1km,23 minutes,
2283,2,2024-12-15 15:36:04,2.2km,6 minutes,
2284,7,2025-02-08 19:24:20,,,
2285,7,2025-05-02 19:01:31,4.0km,22 minutes,
2286,5,2025-02-17 20:18:40,2.1km,11 minutes,
2287,15,2025-02-07 02:14:25,5.0km,19 minutes,
2288,10,2025-04-12 13:16:28,5.7km,22 minutes,
2289,2,2025-01-05 03:25:40,2.4km,13 minutes,
2290,8,,,,runner sick
2291,8,2025-06-07 19:03:31,2.2,8 minutes,
2292,10,2024-12-22 03:46:20,3.8km,12 minutes,
2293,14,2025-05-13 19:10:07,2.6km,10 minutes,
2294,10,2025-07-19 16:53:04,4.7km,17 minutes,
2295,10,2024-11-11 20:48:30,3.1km,14 minutes,
2296,10,2025-05-21 19:56:24,1.5km,,
2297,10,2025-07-20 16:01:11,2.6km,6 minutes,
2298,11,2025-06-08 18:04:52,3.9km,11 minutes,
2299,4,,,,
2300,2,2025-02-12 13:36:06,2.4km,6 minutes,
2301,10,2025-05-15 20:34:11,1.8km,7 minutes,
2302,3,2025-03-21 23:54:07,4.9km,28 minutes,
2303,8,2025-04-26 18:22:05,2.6 km,16 minutes,
2304,15,2025-05-22 13:55:19,1.8km,8 minutes,
2305,10,2025-01-09 18:11:30,5.8km,26 minutes,
2306,8,2025-05-02 17:02:35,2.7km,15 minutes,
2307,15,2025-02-14 12:14:31,5.4km,30 minutes,
2308,9,2025-05-23 19:13:50,0.5km,7 minutes,
2309,9,2025-05-18 07:24:21,4.2km,17 minutes,
2310,7,2025-02-15 10:09:15,3.6km,20 minutes,
2311,8,2025-04-11 18:48:46,0.5km,11 minutes,
2312,13,2025-02-06 23:58:56,2.1,16 minutes,
2313,5,2025-07-24 06:30:02,2.3km,6 minutes,
2314,9,2024-11-02 05:14:16,4.1km,16 minutes,
2315,15,2025-04-11 09:53:38,2.4km,11 minutes,
2316,14,2025-06-07 18:25:30,5.8km,23 minutes,
2317,2,2024-11-13 16:38:41,1.7 km,17 minutes,
2318,15,2025-07-11 15:01:40,6.8km,27 minutes,
2319,4,2024-12-18 04:16:44,3.5km,17 minutes,
2320,7,2025-05-15 20:13:04,,15 minutes,customer no show
2321,8,2025-04-04 19:50:25,1.6km,6 minutes,
2322,8,2025-03-06 19:23:56,3.6km,12 minutes,
2323,15,2025-04-16 17:10:47,4.1km,17 minutes,
2324,1,2025-01-17 14:14:17,0.5km,7 minutes,
2325,1,2025-04-01 00:37:17,6.8km,26 minutes,
2326,8,2024-12-29 20:09:17,3.4km,21 minutes,
2327,3,2025-06-08 18:03:46,3.8km,16 minutes,
2328,13,2024-11-07 04:44:54,2.7km,11 minutes,
2329,7,2025-07-11 18:27:12,2.6km,8 minutes,
2330,11,2025-06-15 14:36:42,5.6km,23 minutes,
2331,11,2025-01-23 00:26:03,0.8km,11 minutes,
2332,4,2024-12-06 20:42:59,2.5,13 minutes,
2333,4,2025-04-13 18:21:40,2.7km,23 minutes,
2334,12,2025-06-07 04:32:08,3.9km,20 minutes,
2335,15,2025-01-25 20:57:09,2.1km,10 minutes,
2336,12,2025-03-08 15:54:34,3.2km,19 minutes,
2337,7,2025-05-04 14:54:39,2.3km,11 minutes,
2338,11,2025-02-19 09:53:41,6.6,22 minutes,
2339,7,2025-01-18 07:38:54,5.0km,18 minutes,
2340,15,2025-01-04 02:09:35,4.1km,14 minutes,
2341,6,2025-05-10 13:26:09,2.9km,20 minutes,
2342,11,2025-05-31 02:46:02,3.1km,19 minutes,
2343,10,2025-04-21 18:20:49,3.2km,14 minutes,
2344,5,2025-08-09 17:25:49,1.6km,6 minutes,
2345,12,2025-02-15 18:47:29,2.6km,16 minutes,
2346,8,2025-06-19 19:48:27,5.2km,21 minutes,
2347,5,2025-06-14 19:51:56,0.5km,6 minutes,
2348,7,2024-11-11 20:42:06,4.6km,21 minutes,
2349,7,2025-01-31 19:15:38,2.3km,10 minutes,
2350,10,2024-12-14 12:10:41,1.3km,7 minutes,
2351,3,2024-12-08 14:39:19,3.0km,12 minutes,
2352,11,2025-08-02 18:37:36,5.8km,25 minutes,
2353,15,2025-01-26 16:42:26,4.3km,20 minutes,
2354,14,2024-11-12 19:00:03,2.2km,12 minutes,
2355,2,2025-01-18 13:06:47,2.5km,15 minutes,
2356,11,2025-05-11 03:20:30,2.6 km,9 minutes,
2357,1,2025-07-12 19:57:59,4.8km,20 minutes,
2358,3,2024-12-21 04:29:59,6.0km,17 minutes,
2359,7,2025-06-16 20:09:10,2.4km,13 minutes,
2360,15,2025-03-02 16:16:59,1.7 km,7 minutes,
2361,4,2025-01-28 18:13:51,3.5km,10 minutes,
2362,5,2024-12-01 20:46:30,5.2km,21 minutes,
2363,5,2024-12-29 17:30:07,5.6,24 minutes,
2364,13,2025-08-09 02:14:46,3.6km,14 minutes,
2365,2,,,,
2366,15,2024-11-02 14:50:42,4.4 km,21 minutes,
2367,9,2025-02-06 10:42:03,4.9,23 minutes,
2368,7,2025-02-23 17:42:13,2.3km,13 minutes,
2369,5,2025-03-24 11:59:57,4.5km,15 minutes,
2370,3,2025-04-23 18:30:24,,27 minutes,
2371,15,2025-02-03 00:41:16,3.5km,16 minutes,
2372,12,2025-04-12 16:38:34,4.4km,23 minutes,
2373,6,2025-02-18 20:03:23,5.6km,21 minutes,
2374,5,2025-03-06 19:11:12,3.3km,17 minutes,
2375,1,2025-06-28 15:48:06,0.8km,6 minutes,
2376,3,2024-12-20 18:08:43,6.6km,35 minutes,
2377,9,2025-06-21 08:58:49,1.8km,8 minutes,
2378,1,2024-11-14 20:08:36,1.5km,14 minutes,
2379,14,2025-06-07 19:55:34,1.9km,10 minutes,
2380,7,2025-05-17 18:50:07,3.2km,18 minutes,
2381,10,2025-05-25 11:59:56,5.9 km,14 minutes,
2382,4,2025-02-27 03:20:49,2.3km,17 minutes,
2383,6,2024-11-10 16:35:01,4.4km,16 minutes,
2384,11,2024-11-30 17:51:37,3.1km,9 minutes,
2385,2,2025-05-09 23:58:35,4.8km,20 minutes,
2386,8,2025-07-14 19:32:15,6.2 km,24 minutes,
2387,12,2025-04-07 10:44:52,3.1 km,14 minutes,
2388,1,2025-05-24 20:34:35,8.1km,39 minutes,
2389,4,2025-07-17 03:35:50,2.3,10 minutes,
2390,9,2025-04-05 01:39:56,6.4 km,21 minutes,
2391,6,2025-02-13 22:11:16,2.9km,16 minutes,
2392,10,2025-02-16 19:00:20,0.9km,8 minutes,
2393,5,2025-05-27 10:59:05,1.9km,9 minutes,
2394,11,2025-05-24 21:05:49,5.8,16 minutes,
2395,3,2024-11-17 02:23:55,8.1km,26 minutes,
2396,1,2025-01-25 21:39:46,1.5km,7 minutes,
2397,5,2025-04-05 19:55:26,4.2km,15 minutes,
2398,3,2025-07-06 06:40:03,1.6km,8 minutes,
2399,15,2024-11-30 16:06:39,4.1km,19 minutes,
2400,13,2025-01-04 11:24:21,0.7km,8 minutes,
2401,7,2025-01-04 02:51:13,7.1km,32 minutes,
2402,2,2025-08-04 23:08:26,,,
2403,9,2024-12-31 09:32:55,3.9km,18 minutes,
2404,7,2025-07-14 08:08:45,2.8km,14 minutes,
2405,12,2025-05-22 20:25:31,2.6km,12 minutes,
2406,15,2025-08-09 19:11:29,3.7km,,
2407,11,2025-07-19 15:53:41,5.5km,13 minutes,
2408,3,2025-08-02 14:54:21,4.1km,18 minutes,
2409,10,2025-01-11 07:06:34,1.5km,9 minutes,
2410,13,2025-04-11 18:43:55,1.4km,7 minutes,
2411,14,2025-07-07 19:17:02,0.5km,6 minutes,
2412,1,2025-03-28 21:05:39,1.4km,12 minutes,
2413,5,2025-02-17 12:47:47,3.6km,14 minutes,
2414,1,2025-05-23 08:20:52,1.1,6 minutes,
2415,11,2025-07-05 20:20:01,1.7,15 minutes,
2416,13,2025-06-27 17:53:16,3.0km,19 minutes,
2417,3,2024-11-14 16:09:27,2.4km,8 minutes,
2418,11,2025-01-14 15:48:14,1.6km,6 minutes,
2419,5,2024-11-18 08:26:08,5.2km,19 minutes,
2420,4,2025-03-25 18:43:55,3.8km,17 minutes,
2421,9,2025-03-21 04:57:51,2.4km,11 minutes,
2422,9,2025-01-20 03:40:45,0.5km,7 minutes,
2423,5,2024-11-16 08:29:07,4.9km,17 minutes,
2424,7,2025-01-11 08:46:04,4.9km,14 minutes,
2425,9,2025-01-11 19:29:19,0.5km,6 minutes,
2426,14,2025-05-06 01:48:43,2.4km,8 minutes,
2427,4,2025-01-13 03:43:46,5.4km,30 minutes,
2428,3,2025-02-09 12:04:07,2.4km,12 minutes,
2429,15,,,,runner_unavailable
2430,7,2025-01-15 10:28:55,3.0km,15 minutes,
2431,6,2025-04-25 16:00:55,2.4km,13 minutes,
2432,3,2025-07-02 17:51:37,4.2km,25 minutes,
2433,5,2024-12-21 19:35:54,2.2km,13 minutes,
2434,9,2025-01-10 14:33:40,3.8km,11 minutes,
2435,11,2025-05-10 02:55:45,6.3km,16 minutes,
2436,14,2025-01-10 19:54:08,0.5 km,6 minutes,
2437,8,,,19 minutes,order late
2438,9,2025-05-22 17:54:02,3.0km,16 minutes,
2439,5,2025-06-13 18:30:21,3.8km,16 minutes,
2440,10,2025-07-20 19:31:38,4.3km,22 minutes,
2441,2,2024-11-24 18:48:05,2.3km,14 minutes,
2442,7,2025-04-24 18:09:56,2.4km,9 minutes,
2443,3,2024-12-08 23:07:13,2.8km,17 minutes,
2444,15,2025-06-15 12:56:53,3.7km,19 minutes,
2445,15,2025-07-30 16:46:51,1.5km,10 minutes,
2446,14,2025-01-17 20:20:29,2.3km,8 minutes,
2447,11,2025-05-22 18:48:42,6.9km,24 minutes,
2448,3,2024-11-02 17:21:10,2.4km,15 minutes,
2449,5,2025-05-08 01:43:44,1.3km,11 minutes,
2450,9,2025-05-11 08:53:06,2.3km,10 minutes,
2451,5,2025-03-08 19:11:35,2.5km,11 minutes,
2452,11,2025-07-10 00:01:05,3.1km,16 minutes,
2453,5,2025-06-03 20:39:47,2.3km,15 minutes,
2454,15,2025-06-19 21:21:00,5.7km,19 minutes,
2455,3,2024-12-27 21:22:12,3.6km,20 minutes,
2456,9,2025-03-01 17:41:59,5.3km,23 minutes,
2457,14,2025-01-15 22:42:40,5.3km,15 minutes,
2458,13,2025-06-06 00:21:38,3.0,11 minutes,
2459,5,2025-06-02 00:28:34,3.7km,12 minutes,
2460,1,2025-02-16 16:28:47,5.1km,12 minutes,
2461,3,2024-11-03 19:49:09,4.4 km,31 minutes,
2462,8,2025-05-27 18:12:03,4.5,16 minutes,
2463,9,2025-02-26 02:39:42,4.1km,22 minutes,
2464,1,2025-05-04 19:55:24,1.3km,13 minutes,
2465,13,2025-06-07 00:30:51,3.3km,18 minutes,
2466,1,2024-12-02 21:26:58,4.5km,21 minutes,
2467,15,,,,order late
2468,1,2025-01-26 18:00:51,5.2km,22 minutes,
2469,13,2025-02-03 05:42:08,2.6 km,12 minutes,
2470,2,2025-05-28 18:48:42,0.5km,6 minutes,
2471,11,2024-11-22 13:16:50,2.2,16 minutes,
2472,4,2025-07-15 15:35:04,3.2km,24 minutes,
2473,12,2025-05-23 20:12:04,5.6 km,34 minutes,
2474,4,2025-03-08 22:58:25,3.8,12 minutes,
2475,7,2025-03-20 15:54:46,0.5km,6 minutes,
2476,4,2025-06-22 15:23:45,0.5,7 minutes,
2477,4,2025-06-26 05:35:09,3.1,20 minutes,
2478,14,2024-11-15 04:06:30,1.9km,14 minutes,
2479,15,,,,custmer_no_sho
2480,1,2024-12-02 17:20:58,3.3km,15 minutes,
2481,9,2025-02-21 16:12:46,0.5km,6 minutes,
2482,11,2025-06-01 21:37:45,1.9,14 minutes,
2483,4,2025-08-08 19:09:43,4.6km,13 minutes,
2484,4,2024-11-13 20:13:16,1.6km,8 minutes,
2485,8,2025-08-08 18:06:28,0.5km,6 minutes,
2486,8,2025-03-02 06:23:34,3.6km,13 minutes,
2487,2,2025-07-13 19:08:14,0.8 km,10 minutes,
2488,13,2025-02-16 21:11:36,4.4km,27 minutes,
2489,6,2025-03-17 19:49:45,3.4,6 minutes,
2490,1,2025-08-10 22:43:27,2.8,15 minutes,
2491,7,2025-01-07 09:55:20,1.9km,11 minutes,
2492,2,2025-05-30 18:08:19,0.8km,7 minutes,
2493,10,2025-04-11 20:04:50,3.7km,14 minutes,
2494,3,2025-01-04 23:15:08,7.2km,29 minutes,
2495,10,2025-08-05 19:37:25,5.7km,18 minutes,
2496,6,2025-03-21 19:35:32,1.5km,10 minutes,
2497,2,2025-03-07 18:21:14,,,
2498,14,2025-07-26 06:50:48,3.5km,14 minutes,
2499,11,2025-05-25 20:46:05,,,
2500,15,,,,
